{"Train/Discriminator source loss": 0.05000000074505806, "Train/Discriminator target loss": 2.8979147259633464e-07, "Train/Total Discriminator loss": 0.05000029131770134, "Train/Total Generator loss": 2.449237823486328, "Train/Adversarial loss source": 0.0, "Train/Adversarial loss target": 0.9960800409317017, "Train/Cycle consistency loss source": 0.6386891007423401, "Train/Cycle consistency loss target": 0.8144685626029968, "Train/Supervised loss source": 0, "Train/Supervised loss target": 0, "Learning rate": 0.0002, "_timestamp": 1689169074.1503406, "_runtime": 8999.930679559708, "_step": 24, "Test/Generator loss": 2.610323190689087, "Test/Discriminator loss": 0.050000064074993134, "Test/L1 loss between real signal A and fake signals A": 0.8734318017959595, "Test/L1 loss between real signal B and fake signals B": 0.7402373552322388, "Test/Discriminator A loss": 0.05000000074505806, "Test/Discriminator B loss": 6.261475249402793e-08, "Test/Adversarial or GAN loss A": 0.0, "Test/Adversarial or GAN loss B": 0.9981834292411804, "Test/Cycle consistency loss A": 0.8738800883293152, "Test/Cycle consistency loss B": 0.7382596135139465, "Test/Supervised loss A": 0, "Test/Supervised loss B": 0, "Test/Epoch": 20, "_wandb": {"runtime": 9186}}