{"Train/Discriminator source loss": 0.04126737266778946, "Train/Discriminator target loss": 0.15553225576877594, "Train/Total Discriminator loss": 0.098399817943573, "Train/Total Generator loss": 1.551556944847107, "Train/Adversarial loss source": 0.5911769866943359, "Train/Adversarial loss target": 0.8750642538070679, "Train/Cycle consistency loss source": 0.039053160697221756, "Train/Cycle consistency loss target": 0.04626256972551346, "Train/Supervised loss source": 0, "Train/Supervised loss target": 0, "Learning rate": 1e-05, "_timestamp": 1687789431.8183663, "_runtime": 2858.366090297699, "_step": 11, "Test/Generator loss": 1.5100728273391724, "Test/Discriminator loss": 0.12174613773822784, "Test/L1 loss between real signal A and fake signals A": 2.7331347465515137, "Test/L1 loss between real signal B and fake signals B": 3.058015823364258, "Test/Discriminator A loss": 0.13538974523544312, "Test/Discriminator B loss": 0.10810253024101257, "Test/Adversarial or GAN loss A": 0.6381610035896301, "Test/Adversarial or GAN loss B": 0.8126304149627686, "Test/Cycle consistency loss A": 0.029709603637456894, "Test/Cycle consistency loss B": 0.029571812599897385, "Test/Supervised loss A": 0, "Test/Supervised loss B": 0, "Test/Epoch": 10, "_wandb": {"runtime": 2872}}