{"Train/Discriminator A loss": 0.10884848237037659, "Train/Discriminator B loss": 0.14843934774398804, "Train/Total Discriminator loss": 0.1286439150571823, "Train/Total Generator loss": 1.0618935823440552, "Train/Adversarial loss A": 0.5246438384056091, "Train/Adversarial loss B": 0.24552355706691742, "Train/Cycle consistency loss A": 0.2417641282081604, "Train/Cycle consistency loss B": 0.04996205121278763, "Train/Supervised loss A": 0, "Train/Supervised loss B": 0, "Learning rate": 1.0000000000000002e-06, "_timestamp": 1686496197.788797, "_runtime": 12412.977478981018, "_step": 1019, "Test/Generator loss": 1.012329339981079, "Test/Discriminator loss": 0.16632096469402313, "Test/L1 loss between real signal A and fake signals A": 2.6938881874084473, "Test/L1 loss between real signal B and fake signals B": 0.9218989610671997, "Test/Discriminator A loss": 0.14466561377048492, "Test/Discriminator B loss": 0.18797631561756134, "Test/Adversarial or GAN loss A": 0.4465995728969574, "Test/Adversarial or GAN loss B": 0.2527509033679962, "Test/Cycle consistency loss A": 0.2669575810432434, "Test/Cycle consistency loss B": 0.04602132737636566, "Test/Supervised loss A": 0, "Test/Supervised loss B": 0, "Test/Epoch": 1000, "_wandb": {"runtime": 16995}}