{"Train/Discriminator A loss": 0.007332023698836565, "Train/Discriminator B loss": 0.2490033209323883, "Train/Total Discriminator loss": 0.12816767394542694, "Train/Total Generator loss": 4.894105911254883, "Train/Adversarial loss A": 0.9672120809555054, "Train/Adversarial loss B": 0.2527013123035431, "Train/Cycle consistency loss A": 0.794802725315094, "Train/Cycle consistency loss B": 0.7912776470184326, "_timestamp": 1686162589.9295936, "_runtime": 818.4104375839233, "_step": 108, "Test/Generator loss": 4.660456657409668, "Test/Discriminator loss": 0.5249700546264648, "Test/L1 loss between real signal A and fake signals A": 0.7608667016029358, "Test/L1 loss between real signal B and fake signals B": 0.750583291053772, "Test/L1_realA_fakeB": 0.818376898765564, "Test/L1_realB_fakeA": 0.7938729524612427, "Test/Discriminator A loss": 0.027637595310807228, "Test/Discriminator B loss": 0.49733248353004456, "Test/Total Discriminator loss": 0.5249700546264648, "Test/Adversarial loss A": 0.9842548370361328, "Test/Adversarial loss B": 0.24922604858875275, "Test/Cycle consistency loss A": 0.7608669996261597, "Test/Cycle consistency loss B": 0.7505831122398376, "Test/Total Generator loss": 4.660456657409668, "Test/Epoch": 70, "_wandb": {"runtime": 830}}