{"Train/Discriminator A loss": 0.0, "Train/Discriminator B loss": 1.5578866197074603e-08, "Train/Total Discriminator loss": 1.5578866197074603e-08, "Train/Total Generator loss": 2.0823681354522705, "Train/Adversarial loss A": 1.0, "Train/Adversarial loss B": 0.9997920989990234, "Train/Cycle consistency loss A": 0.056326188147068024, "Train/Cycle consistency loss B": 0.026249919086694717, "Train/Supervised loss A": 0, "Train/Supervised loss B": 0, "Learning rate": 0.0, "_timestamp": 1689820098.7042937, "_runtime": 22441.976274728775, "_step": 239, "Test/Generator loss": 2.058396100997925, "Test/Discriminator loss": 2.7880295405680044e-08, "Test/L1 loss between real signal A and fake signals A": 33.044837951660156, "Test/L1 loss between real signal B and fake signals B": 3.97021222114563, "Test/Discriminator A loss": 0.0, "Test/Discriminator B loss": 2.7880295405680044e-08, "Test/Adversarial or GAN loss A": 1.0, "Test/Adversarial or GAN loss B": 0.999745786190033, "Test/Cycle consistency loss A": 0.04073898121714592, "Test/Cycle consistency loss B": 0.017911359667778015, "Test/Supervised loss A": 0, "Test/Supervised loss B": 0, "Test/Epoch": 200, "_wandb": {"runtime": 22448}}