{"Train/Discriminator A loss": 0.09397745877504349, "Train/Discriminator B loss": 0.2578117549419403, "Train/Total Discriminator loss": 0.1758946031332016, "Train/Total Generator loss": 4.912602424621582, "Train/Adversarial loss A": 0.900799036026001, "Train/Adversarial loss B": 0.35319891571998596, "Train/Cycle consistency loss A": 0.7824682593345642, "Train/Cycle consistency loss B": 0.8234667778015137, "_timestamp": 1686158695.4646916, "_runtime": 241.8640697002411, "_step": 47, "Test/Generator loss": 5.0996551513671875, "Test/Discriminator loss": 0.6390741467475891, "Test/L1 loss between real signal A and fake signals A": 0.8091567754745483, "Test/L1 loss between real signal B and fake signals B": 0.9115252494812012, "Test/L1_realA_fakeB": 0.9142406582832336, "Test/L1_realB_fakeA": 0.9301772117614746, "Test/Discriminator A loss": 0.11922367662191391, "Test/Discriminator B loss": 0.519850492477417, "Test/Total Discriminator loss": 0.6390741467475891, "Test/Adversarial loss A": 0.8364514112472534, "Test/Adversarial loss B": 0.359629362821579, "Test/Cycle consistency loss A": 0.8091567754745483, "Test/Cycle consistency loss B": 0.9115277528762817, "Test/Total Generator loss": 5.0996551513671875, "Test/Epoch": 20}