{"Train/Discriminator A loss": 5.7875538914231583e-05, "Train/Discriminator B loss": 0.0005048412131145597, "Train/Total Discriminator loss": 0.0002813583705574274, "Train/Total Generator loss": 19.716779708862305, "Train/Adversarial loss A": 0.9884235262870789, "Train/Adversarial loss B": 0.9743144512176514, "Train/Cycle consistency loss A": 1.151710867881775, "Train/Cycle consistency loss B": 0.8289070129394531, "Train/Supervised loss A": 0, "Train/Supervised loss B": 0, "Learning rate": 1.0000000000000002e-06, "_timestamp": 1686560117.6071115, "_runtime": 1560.512529373169, "_step": 236, "Test/Generator loss": 17.990787506103516, "Test/Discriminator loss": 0.002915080403909087, "Test/L1 loss between real signal A and fake signals A": 1.2144696712493896, "Test/L1 loss between real signal B and fake signals B": 1.1259570121765137, "Test/Discriminator A loss": 0.00017882572137750685, "Test/Discriminator B loss": 0.00565133523195982, "Test/Adversarial or GAN loss A": 0.9765018820762634, "Test/Adversarial or GAN loss B": 0.9668990969657898, "Test/Cycle consistency loss A": 1.015960454940796, "Test/Cycle consistency loss B": 0.6387961506843567, "Test/Supervised loss A": 0, "Test/Supervised loss B": 0, "Test/Epoch": 118}