{"Train/Discriminator A loss": 0.0002680320758372545, "Train/Discriminator B loss": 0.0003663729876279831, "Train/Total Discriminator loss": 0.0006344050634652376, "Train/Total Generator loss": 2.2562499046325684, "Train/Adversarial loss A": 0.9776394963264465, "Train/Adversarial loss B": 0.9801129698753357, "Train/Cycle consistency loss A": 0.12564817070960999, "Train/Cycle consistency loss B": 0.1728493720293045, "Train/Supervised loss A": 0, "Train/Supervised loss B": 0, "Learning rate": 0.0, "_timestamp": 1688740252.395125, "_runtime": 672.9123439788818, "_step": 239, "Test/Generator loss": 2.294797897338867, "Test/Discriminator loss": 2.643234074639622e-05, "Test/L1 loss between real signal A and fake signals A": 0.9028252959251404, "Test/L1 loss between real signal B and fake signals B": 1.6381175518035889, "Test/Discriminator A loss": 1.6908383258851245e-05, "Test/Discriminator B loss": 9.523957487544976e-06, "Test/Adversarial or GAN loss A": 0.9852810502052307, "Test/Adversarial or GAN loss B": 0.9861242175102234, "Test/Cycle consistency loss A": 0.1250796765089035, "Test/Cycle consistency loss B": 0.19831308722496033, "Test/Supervised loss A": 0, "Test/Supervised loss B": 0, "Test/Epoch": 200, "_wandb": {"runtime": 1729}}