{"Train/Discriminator A loss": 2.5354273347488743e-08, "Train/Discriminator B loss": 4.99365685521086e-13, "Train/Total Discriminator loss": 2.5354772503760614e-08, "Train/Total Generator loss": 3.129277229309082, "Train/Adversarial loss A": 0.999315083026886, "Train/Adversarial loss B": 0.9999952912330627, "Train/Cycle consistency loss A": 0.5442107319831848, "Train/Cycle consistency loss B": 0.5857561230659485, "Train/Supervised loss A": 0, "Train/Supervised loss B": 0, "Learning rate": 0.0, "_timestamp": 1690018293.261262, "_runtime": 1689.0261418819427, "_step": 207, "Test/Generator loss": 3.1137399673461914, "Test/Discriminator loss": 3.011048299583763e-09, "Test/L1 loss between real signal A and fake signals A": 1.1522175073623657, "Test/L1 loss between real signal B and fake signals B": 1.4354556798934937, "Test/Discriminator A loss": 3.0091951153110585e-09, "Test/Discriminator B loss": 1.853232628121204e-12, "Test/Adversarial or GAN loss A": 0.9997736215591431, "Test/Adversarial or GAN loss B": 0.9999955296516418, "Test/Cycle consistency loss A": 0.5427855849266052, "Test/Cycle consistency loss B": 0.5711852312088013, "Test/Supervised loss A": 0, "Test/Supervised loss B": 0, "Test/Epoch": 200, "_wandb": {"runtime": 2006}}