{"Train/Discriminator A loss": 0.12351196259260178, "Train/Discriminator B loss": 0.12656168639659882, "Train/Total Discriminator loss": 0.12503682076931, "Train/Total Generator loss": 26.37771224975586, "Train/Adversarial loss A": 0.5034088492393494, "Train/Adversarial loss B": 0.5002259016036987, "Train/Cycle consistency loss A": 1.233790636062622, "Train/Cycle consistency loss B": 0.9050971269607544, "Train/Supervised loss A": 1.2340199947357178, "Train/Supervised loss B": 0.8989995718002319, "_timestamp": 1686249607.4519365, "_runtime": 39.540194511413574, "_step": 101, "Test/Generator loss": 24.568288803100586, "Test/Discriminator loss": 0.20750035345554352, "Test/L1 loss between real signal A and fake signals A": 1.052183747291565, "Test/L1 loss between real signal B and fake signals B": 0.9107039570808411, "Test/Discriminator A loss": 0.1760682314634323, "Test/Discriminator B loss": 0.23893247544765472, "Test/Adversarial or GAN loss A": 0.4940900206565857, "Test/Adversarial or GAN loss B": 0.495911180973053, "Test/Cycle consistency loss A": 1.0505839586257935, "Test/Cycle consistency loss B": 0.9101850390434265, "Test/Supervised loss A": 1.052183747291565, "Test/Supervised loss B": 0.9107039570808411, "Test/Epoch": 2, "_wandb": {"runtime": 39}}