{"Train/Discriminator A loss": 6.472817333403e-17, "Train/Discriminator B loss": 8.394544238399249e-06, "Train/Total Discriminator loss": 8.394544238399249e-06, "Train/Total Generator loss": 2.044829845428467, "Train/Adversarial loss A": 1.0, "Train/Adversarial loss B": 0.9816275835037231, "Train/Cycle consistency loss A": 0.023099027574062347, "Train/Cycle consistency loss B": 0.0401032455265522, "Train/Supervised loss A": 0, "Train/Supervised loss B": 0, "Learning rate": 0.0, "_timestamp": 1688753454.2629926, "_runtime": 6196.842896699905, "_step": 239, "Test/Generator loss": 2.067615509033203, "Test/Discriminator loss": 2.456599395372905e-05, "Test/L1 loss between real signal A and fake signals A": 4.966480255126953, "Test/L1 loss between real signal B and fake signals B": 1.616227149963379, "Test/Discriminator A loss": 5.945942922514393e-34, "Test/Discriminator B loss": 2.456599395372905e-05, "Test/Adversarial or GAN loss A": 1.0, "Test/Adversarial or GAN loss B": 0.9716715812683105, "Test/Cycle consistency loss A": 0.041440993547439575, "Test/Cycle consistency loss B": 0.0545029453933239, "Test/Supervised loss A": 0, "Test/Supervised loss B": 0, "Test/Epoch": 200, "_wandb": {"runtime": 12434}}