{"Train/Discriminator A loss": 1.0769459768411593e-09, "Train/Discriminator B loss": 6.766913598361688e-30, "Train/Total Discriminator loss": 1.0769459768411593e-09, "Train/Total Generator loss": 2.0710031986236572, "Train/Adversarial loss A": 0.9998827576637268, "Train/Adversarial loss B": 1.0, "Train/Cycle consistency loss A": 0.02623019367456436, "Train/Cycle consistency loss B": 0.0448903813958168, "Train/Supervised loss A": 0, "Train/Supervised loss B": 0, "Learning rate": 0.0, "_timestamp": 1690512922.8289618, "_runtime": 19433.139611959457, "_step": 207, "Test/Generator loss": 2.1321887969970703, "Test/Discriminator loss": 3.361858014194752e-11, "Test/L1 loss between real signal A and fake signals A": 1.081275224685669, "Test/L1 loss between real signal B and fake signals B": 8.284714698791504, "Test/Discriminator A loss": 3.361858014194752e-11, "Test/Discriminator B loss": 0.0, "Test/Adversarial or GAN loss A": 0.9999769926071167, "Test/Adversarial or GAN loss B": 1.0, "Test/Cycle consistency loss A": 0.02671099454164505, "Test/Cycle consistency loss B": 0.10550068318843842, "Test/Supervised loss A": 0, "Test/Supervised loss B": 0, "Test/Epoch": 200}