{"Train/Discriminator source loss": 0.25000056624412537, "Train/Discriminator target loss": 0.24110937118530273, "Train/Total Discriminator loss": 0.24555496871471405, "Train/Total Generator loss": 1.1659437417984009, "Train/Adversarial loss source": 0.2507436275482178, "Train/Adversarial loss target": 0.2560035288333893, "Train/Cycle consistency loss source": 0.15574368834495544, "Train/Cycle consistency loss target": 0.5034529566764832, "Train/Supervised loss source": 0, "Train/Supervised loss target": 0, "Learning rate": 0.01, "_timestamp": 1687885930.8789601, "_runtime": 355.776878118515, "_step": 1, "Test/Generator loss": 1.122950553894043, "Test/Discriminator loss": 0.25003930926322937, "Test/Discriminator A loss": 0.24996346235275269, "Test/Discriminator B loss": 0.25011515617370605, "Test/Adversarial or GAN loss A": 0.2507021725177765, "Test/Adversarial or GAN loss B": 0.2542183995246887, "Test/Cycle consistency loss A": 0.27057912945747375, "Test/Cycle consistency loss B": 0.34745079278945923, "Test/Supervised loss A": 0, "Test/Supervised loss B": 0, "Test/Epoch": 1}