{"Train/Discriminator A loss": 0.07766763120889664, "Train/Discriminator B loss": 5.038601011619903e-05, "Train/Total Discriminator loss": 0.007771802134811878, "Train/Total Generator loss": 1.9228742122650146, "Train/Adversarial loss A": 0.7527949810028076, "Train/Adversarial loss B": 0.9843538999557495, "Train/Cycle consistency loss A": 0.09050244092941284, "Train/Cycle consistency loss B": 0.0952228456735611, "Train/Supervised loss A": 0, "Train/Supervised loss B": 0, "Learning rate": 0.0, "_timestamp": 1688514106.149293, "_runtime": 19321.477167844772, "_step": 239, "Test/Generator loss": 1.9811615943908691, "Test/Discriminator loss": 0.004778580740094185, "Test/L1 loss between real signal A and fake signals A": 0.3375204801559448, "Test/L1 loss between real signal B and fake signals B": 0.5131747722625732, "Test/Discriminator A loss": 0.045690927654504776, "Test/Discriminator B loss": 0.002094878116622567, "Test/Adversarial or GAN loss A": 0.8656175136566162, "Test/Adversarial or GAN loss B": 0.921942949295044, "Test/Cycle consistency loss A": 0.06658016890287399, "Test/Cycle consistency loss B": 0.12702089548110962, "Test/Supervised loss A": 0, "Test/Supervised loss B": 0, "Test/Epoch": 200, "_wandb": {"runtime": 21307}}