{"Train/Discriminator source loss": 2.3150698780227685e-07, "Train/Discriminator target loss": 3.407036274438724e-05, "Train/Total Discriminator loss": 3.430186916375533e-05, "Train/Total Generator loss": 2.2672677040100098, "Train/Adversarial loss source": 0.9983739256858826, "Train/Adversarial loss target": 0.9716726541519165, "Train/Cycle consistency loss source": 0.10809171199798584, "Train/Cycle consistency loss target": 0.18912950158119202, "Train/Supervised loss source": 0, "Train/Supervised loss target": 0, "Learning rate": 0.0, "_timestamp": 1690873019.9863443, "_runtime": 113799.6670293808, "_step": 219, "Test/Generator loss": 2.4577507972717285, "Test/Discriminator loss": 7.961573373904685e-07, "Test/L1 loss between real signal A and fake signals A": 1.5530195236206055, "Test/L1 loss between real signal B and fake signals B": 1.4413650035858154, "Test/Discriminator A loss": 7.906032806204166e-07, "Test/Discriminator B loss": 5.554070980906545e-09, "Test/Adversarial or GAN loss A": 0.9968482255935669, "Test/Adversarial or GAN loss B": 0.9995397329330444, "Test/Cycle consistency loss A": 0.21714556217193604, "Test/Cycle consistency loss B": 0.24421727657318115, "Test/Supervised loss A": 0, "Test/Supervised loss B": 0, "Test/Epoch": 200}