{"Train/Discriminator A loss": 1.0221196041241762e-13, "Train/Discriminator B loss": 1.626076547091768e-39, "Train/Total Discriminator loss": 1.0221196041241762e-13, "Train/Total Generator loss": 2.1756105422973633, "Train/Adversarial loss A": 0.9999971389770508, "Train/Adversarial loss B": 1.0, "Train/Cycle consistency loss A": 0.04936385154724121, "Train/Cycle consistency loss B": 0.1262494921684265, "Train/Supervised loss A": 0, "Train/Supervised loss B": 0, "Learning rate": 0.0, "_timestamp": 1689903207.9542155, "_runtime": 14145.127746582031, "_step": 239, "Test/Generator loss": 2.091644048690796, "Test/Discriminator loss": 5.453273832500827e-09, "Test/L1 loss between real signal A and fake signals A": 0.715565025806427, "Test/L1 loss between real signal B and fake signals B": 7.052104949951172, "Test/Discriminator A loss": 5.453273832500827e-09, "Test/Discriminator B loss": 0.0, "Test/Adversarial or GAN loss A": 0.9993395805358887, "Test/Adversarial or GAN loss B": 1.0, "Test/Cycle consistency loss A": 0.03482788801193237, "Test/Cycle consistency loss B": 0.05747649446129799, "Test/Supervised loss A": 0, "Test/Supervised loss B": 0, "Test/Epoch": 200, "_wandb": {"runtime": 39998}}