{"Train/Discriminator A loss": 4.5109829066580787e-11, "Train/Discriminator B loss": 1.041112000166322e-06, "Train/Total Discriminator loss": 1.0411571338408976e-06, "Train/Total Generator loss": 2.0535099506378174, "Train/Adversarial loss A": 0.9999542832374573, "Train/Adversarial loss B": 0.994617223739624, "Train/Cycle consistency loss A": 0.018954748287796974, "Train/Cycle consistency loss B": 0.03998385742306709, "Train/Supervised loss A": 0, "Train/Supervised loss B": 0, "Learning rate": 0.0, "_timestamp": 1688915520.6084447, "_runtime": 53630.561359643936, "_step": 239, "Test/Generator loss": 2.0984950065612793, "Test/Discriminator loss": 7.335523855012127e-11, "Test/L1 loss between real signal A and fake signals A": 1.8573100566864014, "Test/L1 loss between real signal B and fake signals B": 2.627499580383301, "Test/Discriminator A loss": 2.0922583110483117e-11, "Test/Discriminator B loss": 5.24326519701912e-11, "Test/Adversarial or GAN loss A": 0.9999656677246094, "Test/Adversarial or GAN loss B": 0.9999433755874634, "Test/Cycle consistency loss A": 0.02907189168035984, "Test/Cycle consistency loss B": 0.06951406598091125, "Test/Supervised loss A": 0, "Test/Supervised loss B": 0, "Test/Epoch": 200, "_wandb": {"runtime": 93508}}