{"Train/Discriminator A loss": 0.2500012218952179, "Train/Discriminator B loss": 0.2137797772884369, "Train/Total Discriminator loss": 0.2318904995918274, "Train/Total Generator loss": 1.0881515741348267, "Train/Adversarial loss A": 0.25, "Train/Adversarial loss B": 0.25, "Train/Cycle consistency loss A": 0.08937477320432663, "Train/Cycle consistency loss B": 0.4987768232822418, "Train/Supervised loss A": 0, "Train/Supervised loss B": 0, "Learning rate": 0.01, "_timestamp": 1687450312.6525452, "_runtime": 1552.3012201786041, "_step": 5, "Test/Generator loss": 0.6658109426498413, "Test/Discriminator loss": 0.24989086389541626, "Test/L1 loss between real signal A and fake signals A": 1.1585261821746826, "Test/L1 loss between real signal B and fake signals B": 1.290777325630188, "Test/Discriminator A loss": 0.25002729892730713, "Test/Discriminator B loss": 0.24975444376468658, "Test/Adversarial or GAN loss A": 0.25093281269073486, "Test/Adversarial or GAN loss B": 0.25685834884643555, "Test/Cycle consistency loss A": 0.07867170870304108, "Test/Cycle consistency loss B": 0.07934806495904922, "Test/Supervised loss A": 0, "Test/Supervised loss B": 0, "Test/Epoch": 5}