{"Train/Discriminator A loss": 3.901856871380005e-06, "Train/Discriminator B loss": 1.4058880448697408e-10, "Train/Total Discriminator loss": 3.901997388311429e-06, "Train/Total Generator loss": 2.07515811920166, "Train/Adversarial loss A": 0.9952443838119507, "Train/Adversarial loss B": 0.9999727606773376, "Train/Cycle consistency loss A": 0.023659132421016693, "Train/Cycle consistency loss B": 0.056281790137290955, "Train/Supervised loss A": 0, "Train/Supervised loss B": 0, "Learning rate": 0.0, "_timestamp": 1689008499.615467, "_runtime": 4971.282186031342, "_step": 239, "Test/Generator loss": 2.0976340770721436, "Test/Discriminator loss": 1.0965295338394299e-10, "Test/L1 loss between real signal A and fake signals A": 0.8748487830162048, "Test/L1 loss between real signal B and fake signals B": 4.987025260925293, "Test/Discriminator A loss": 1.0965295338394299e-10, "Test/Discriminator B loss": 0.0, "Test/Adversarial or GAN loss A": 0.9999397993087769, "Test/Adversarial or GAN loss B": 1.0, "Test/Cycle consistency loss A": 0.041218314319849014, "Test/Cycle consistency loss B": 0.056475862860679626, "Test/Supervised loss A": 0, "Test/Supervised loss B": 0, "Test/Epoch": 200}