{"Train/Discriminator source loss": 0.015211301855742931, "Train/Discriminator target loss": 0.012181965634226799, "Train/Total Discriminator loss": 0.027393266558647156, "Train/Total Generator loss": 1.3699424266815186, "Train/Adversarial loss source": 0.2574678659439087, "Train/Adversarial loss target": 0.2601550817489624, "Train/Cycle consistency loss source": 0.22944742441177368, "Train/Cycle consistency loss target": 0.6228720545768738, "Train/Supervised loss source": 0, "Train/Supervised loss target": 0, "Learning rate": 0.0002, "_timestamp": 1689802116.7609034, "_runtime": 1197.8156044483185, "_step": 1}