{"Train/Discriminator source loss": 7.166919857581888e-08, "Train/Discriminator target loss": 3.2282016036333516e-05, "Train/Total Discriminator loss": 3.235368421883322e-05, "Train/Total Generator loss": 2.0742392539978027, "Train/Adversarial loss source": 0.9981906414031982, "Train/Adversarial loss target": 0.9572075605392456, "Train/Cycle consistency loss source": 0.04251715913414955, "Train/Cycle consistency loss target": 0.07632380723953247, "Train/Supervised loss source": 0, "Train/Supervised loss target": 0, "Learning rate": 0.0, "_timestamp": 1689146250.7848983, "_runtime": 73402.25900936127, "_step": 399, "Test/Generator loss": 2.1384541988372803, "Test/Discriminator loss": 0.0004590516327880323, "Test/L1 loss between real signal A and fake signals A": 1.0773686170578003, "Test/L1 loss between real signal B and fake signals B": 1.5075169801712036, "Test/Discriminator A loss": 7.789782152656244e-09, "Test/Discriminator B loss": 0.0004590438329614699, "Test/Adversarial or GAN loss A": 0.9995666742324829, "Test/Adversarial or GAN loss B": 0.8582686185836792, "Test/Cycle consistency loss A": 0.0731123611330986, "Test/Cycle consistency loss B": 0.20750656723976135, "Test/Supervised loss A": 0, "Test/Supervised loss B": 0, "Test/Epoch": 180}