{"Train/Discriminator A loss": 0.22835461795330048, "Train/Discriminator B loss": 0.2384776473045349, "Train/Total Discriminator loss": 0.2334161400794983, "Train/Total Generator loss": 20.160234451293945, "Train/Adversarial loss A": 0.465196818113327, "Train/Adversarial loss B": 0.4683639705181122, "Train/Cycle consistency loss A": 0.37058398127555847, "Train/Cycle consistency loss B": 0.24860963225364685, "Train/Supervised loss A": 1.2351272106170654, "Train/Supervised loss B": 1.2441655397415161, "_timestamp": 1686235085.9968004, "_runtime": 110.09503936767578, "_step": 9}