{"Train/Discriminator A loss": 0.2500128149986267, "Train/Discriminator B loss": 0.2500014007091522, "Train/Total Discriminator loss": 0.25000709295272827, "Train/Total Generator loss": 1.274733304977417, "Train/Adversarial loss A": 0.25302332639694214, "Train/Adversarial loss B": 0.2510864734649658, "Train/Cycle consistency loss A": 0.08992117643356323, "Train/Cycle consistency loss B": 0.6807023882865906, "Train/Supervised loss A": 0, "Train/Supervised loss B": 0, "Learning rate": 0.01, "_timestamp": 1687441310.809469, "_runtime": 262.2555809020996, "_step": 1, "_wandb": {"runtime": 360}}