{"Train/Discriminator A loss": 0.021370695903897285, "Train/Discriminator B loss": 0.24992820620536804, "Train/Total Discriminator loss": 0.13564945757389069, "Train/Total Generator loss": 25.13463592529297, "Train/Adversarial loss A": 0.9268350601196289, "Train/Adversarial loss B": 0.2509712874889374, "Train/Cycle consistency loss A": 0.8012343645095825, "Train/Cycle consistency loss B": 0.8387106657028198, "_timestamp": 1686214146.4799705, "_runtime": 293.70474648475647, "_step": 23, "Test/Generator loss": 24.749847412109375, "Test/Discriminator loss": 0.5911238193511963, "Test/L1 loss between real signal A and fake signals A": 0.8368133902549744, "Test/L1 loss between real signal B and fake signals B": 0.8089601397514343, "Test/L1_realA_fakeB": 0.87627774477005, "Test/L1_realB_fakeA": 0.8240043520927429, "Test/Discriminator A loss": 0.09140633791685104, "Test/Discriminator B loss": 0.49971747398376465, "Test/Total Discriminator loss": 0.5911238193511963, "Test/Adversarial loss A": 0.828274667263031, "Test/Adversarial loss B": 0.24958257377147675, "Test/Cycle consistency loss A": 0.8368113040924072, "Test/Cycle consistency loss B": 0.8089601397514343, "Test/Total Generator loss": 24.749847412109375, "Test/Epoch": 10}