{"Train/Discriminator A loss": 0.23090651631355286, "Train/Discriminator B loss": 0.21238982677459717, "Train/Total Discriminator loss": 0.221648171544075, "Train/Total Generator loss": 12.95637035369873, "Train/Adversarial loss A": 0.2394368052482605, "Train/Adversarial loss B": 0.24403315782546997, "Train/Cycle consistency loss A": 1.2045111656188965, "Train/Cycle consistency loss B": 0.9032930731773376, "Train/Supervised loss A": 0, "Train/Supervised loss B": 0, "Learning rate": 0.01, "_timestamp": 1686648217.766076, "_runtime": 18.880022048950195, "_step": 0, "_wandb": {"runtime": 2031}}