{"Train/Discriminator A loss": 0.5, "Train/Discriminator B loss": 0.2500063180923462, "Train/Total Discriminator loss": 0.3750031590461731, "Train/Total Generator loss": 0.44578588008880615, "Train/Adversarial loss A": 0.0, "Train/Adversarial loss B": 0.252900093793869, "Train/Cycle consistency loss A": 0.05913719907402992, "Train/Cycle consistency loss B": 0.1337485909461975, "Train/Supervised loss A": 0, "Train/Supervised loss B": 0, "Learning rate": 1e-05, "_timestamp": 1687776738.6445398, "_runtime": 4767.021692752838, "_step": 11, "Test/Generator loss": 0.5485479831695557, "Test/Discriminator loss": 0.3750041127204895, "Test/L1 loss between real signal A and fake signals A": 1.6475248336791992, "Test/L1 loss between real signal B and fake signals B": 1.3331242799758911, "Test/Discriminator A loss": 0.5, "Test/Discriminator B loss": 0.2500081956386566, "Test/Adversarial or GAN loss A": 0.0, "Test/Adversarial or GAN loss B": 0.2528991997241974, "Test/Cycle consistency loss A": 0.09279264509677887, "Test/Cycle consistency loss B": 0.202856183052063, "Test/Supervised loss A": 0, "Test/Supervised loss B": 0, "Test/Epoch": 10, "_wandb": {"runtime": 4793}}