{"Train/Discriminator source loss": 0.0016901855124160647, "Train/Discriminator target loss": 0.0036432186607271433, "Train/Total Discriminator loss": 0.002666702028363943, "Train/Total Generator loss": 1.8067927360534668, "Train/Adversarial loss source": 0.9171712398529053, "Train/Adversarial loss target": 0.8494149446487427, "Train/Cycle consistency loss source": 0.020124496892094612, "Train/Cycle consistency loss target": 0.020082101225852966, "Train/Supervised loss source": 0, "Train/Supervised loss target": 0, "Learning rate": 0.001, "_timestamp": 1687775027.022318, "_runtime": 3170.7919960021973, "_step": 6, "Test/Generator loss": 0.802686870098114, "Test/Discriminator loss": 0.2500496506690979, "Test/L1 loss between real signal A and fake signals A": 0.9157277941703796, "Test/L1 loss between real signal B and fake signals B": 0.9911240339279175, "Test/Discriminator A loss": 0.25010645389556885, "Test/Discriminator B loss": 0.24999287724494934, "Test/Adversarial or GAN loss A": 0.25104108452796936, "Test/Adversarial or GAN loss B": 0.25078654289245605, "Test/Cycle consistency loss A": 0.15639303624629974, "Test/Cycle consistency loss B": 0.14446622133255005, "Test/Supervised loss A": 0, "Test/Supervised loss B": 0, "Test/Epoch": 5, "_wandb": {"runtime": 3319}}