{"Train/Discriminator A loss": 0.2282763421535492, "Train/Discriminator B loss": 0.2621786296367645, "Train/Total Discriminator loss": 0.24522748589515686, "Train/Total Generator loss": 1.057523250579834, "Train/Adversarial loss A": 0.2541102468967438, "Train/Adversarial loss B": 0.22394220530986786, "Train/Cycle consistency loss A": 0.10951061546802521, "Train/Cycle consistency loss B": 0.4699602723121643, "Train/Supervised loss A": 0, "Train/Supervised loss B": 0, "Learning rate": 0.001, "_timestamp": 1687524633.892623, "_runtime": 1669.935642004013, "_step": 5, "Test/Generator loss": 0.9141367077827454, "Test/Discriminator loss": 0.2510794997215271, "Test/L1 loss between real signal A and fake signals A": 1.7593228816986084, "Test/L1 loss between real signal B and fake signals B": 1.5854004621505737, "Test/Discriminator A loss": 0.25093919038772583, "Test/Discriminator B loss": 0.251219779253006, "Test/Adversarial or GAN loss A": 0.2509298622608185, "Test/Adversarial or GAN loss B": 0.25143542885780334, "Test/Cycle consistency loss A": 0.16824182868003845, "Test/Cycle consistency loss B": 0.24352958798408508, "Test/Supervised loss A": 0, "Test/Supervised loss B": 0, "Test/Epoch": 5}