{"Train/Discriminator source loss": 0.18622621893882751, "Train/Discriminator target loss": 0.18842782080173492, "Train/Total Discriminator loss": 0.18732702732086182, "Train/Total Generator loss": 2.1814844608306885, "Train/Adversarial loss source": 0.2551999092102051, "Train/Adversarial loss target": 0.2551382780075073, "Train/Cycle consistency loss source": 0.8427753448486328, "Train/Cycle consistency loss target": 0.8283709287643433, "Train/Supervised loss source": 0, "Train/Supervised loss target": 0, "Learning rate": 0.001, "_timestamp": 1687534633.6923375, "_runtime": 1755.3953375816345, "_step": 5, "Test/Generator loss": 2.318993091583252, "Test/Discriminator loss": 0.33085739612579346, "Test/L1 loss between real signal A and fake signals A": 0.9441524744033813, "Test/L1 loss between real signal B and fake signals B": 0.8741794228553772, "Test/Discriminator A loss": 0.3491649031639099, "Test/Discriminator B loss": 0.312549889087677, "Test/Adversarial or GAN loss A": 0.250887006521225, "Test/Adversarial or GAN loss B": 0.2509201169013977, "Test/Cycle consistency loss A": 0.9445228576660156, "Test/Cycle consistency loss B": 0.8726632595062256, "Test/Supervised loss A": 0, "Test/Supervised loss B": 0, "Test/Epoch": 5}