{"Train/Discriminator A loss": 0.23152823746204376, "Train/Discriminator B loss": 0.25023359060287476, "Train/Total Discriminator loss": 0.24088090658187866, "Train/Total Generator loss": 28.392667770385742, "Train/Adversarial loss A": 0.33687904477119446, "Train/Adversarial loss B": 0.2790892720222473, "Train/Cycle consistency loss A": 0.21540747582912445, "Train/Cycle consistency loss B": 0.1834648698568344, "_timestamp": 1686180167.0261257, "_runtime": 9275.890097618103, "_step": 899, "Test/Generator loss": 31.01477813720703, "Test/Discriminator loss": 1.0138559341430664, "Test/L1 loss between real signal A and fake signals A": 1.303113579750061, "Test/L1 loss between real signal B and fake signals B": 1.2324496507644653, "Test/L1_realA_fakeB": 0.7900350093841553, "Test/L1_realB_fakeA": 0.9617129564285278, "Test/Discriminator A loss": 0.492845356464386, "Test/Discriminator B loss": 0.5210105180740356, "Test/Total Discriminator loss": 1.0138559341430664, "Test/Adversarial loss A": 0.31486833095550537, "Test/Adversarial loss B": 0.29677873849868774, "Test/Cycle consistency loss A": 0.31242117285728455, "Test/Cycle consistency loss B": 0.2690795660018921, "Test/Total Generator loss": 31.01477813720703, "Test/Epoch": 600}