{"Train/Discriminator A loss": 5.627165228361264e-05, "Train/Discriminator B loss": 0.0004350690287537873, "Train/Total Discriminator loss": 0.004913406912237406, "Train/Total Generator loss": 19.856813430786133, "Train/Adversarial loss A": 0.9882686138153076, "Train/Adversarial loss B": 0.9714876413345337, "Train/Cycle consistency loss A": 0.10675504058599472, "Train/Cycle consistency loss B": 0.15249648690223694, "Train/Supervised loss A": 0, "Train/Supervised loss B": 0, "Learning rate": 0.0, "_timestamp": 1688311267.106156, "_runtime": 3276.102966070175, "_step": 35, "Test/Generator loss": 20.22270965576172, "Test/Discriminator loss": 7.236371857288759e-06, "Test/L1 loss between real signal A and fake signals A": 1.4647313356399536, "Test/L1 loss between real signal B and fake signals B": 1.9830384254455566, "Test/Discriminator A loss": 1.6572320760133152e-07, "Test/Discriminator B loss": 5.57913949705835e-07, "Test/Adversarial or GAN loss A": 0.9990566968917847, "Test/Adversarial or GAN loss B": 0.9983687400817871, "Test/Cycle consistency loss A": 0.057320065796375275, "Test/Cycle consistency loss B": 0.1911344826221466, "Test/Supervised loss A": 0, "Test/Supervised loss B": 0, "Test/Epoch": 30, "_wandb": {"runtime": 3280}}