{"Train/Discriminator A loss": 0.2500039339065552, "Train/Discriminator B loss": 0.24797382950782776, "Train/Total Discriminator loss": 0.24898888170719147, "Train/Total Generator loss": 0.9811563491821289, "Train/Adversarial loss A": 0.2516636848449707, "Train/Adversarial loss B": 0.25409331917762756, "Train/Cycle consistency loss A": 0.1579732596874237, "Train/Cycle consistency loss B": 0.3174261450767517, "Train/Supervised loss A": 0, "Train/Supervised loss B": 0, "Learning rate": 0.01, "_timestamp": 1687423494.3478894, "_runtime": 502.75914430618286, "_step": 1, "Test/Generator loss": 1.4154062271118164, "Test/Discriminator loss": 0.24981501698493958, "Test/L1 loss between real signal A and fake signals A": 1.4739930629730225, "Test/L1 loss between real signal B and fake signals B": 0.8298825025558472, "Test/Discriminator A loss": 0.24974027276039124, "Test/Discriminator B loss": 0.24988976120948792, "Test/Adversarial or GAN loss A": 0.25178369879722595, "Test/Adversarial or GAN loss B": 0.25432088971138, "Test/Cycle consistency loss A": 0.5328136682510376, "Test/Cycle consistency loss B": 0.37648797035217285, "Test/Supervised loss A": 0, "Test/Supervised loss B": 0, "Test/Epoch": 1, "_wandb": {"runtime": 1333}}