{"Train/Discriminator A loss": 2.126225081156008e-05, "Train/Discriminator B loss": 0.5, "Train/Total Discriminator loss": 0.2500106394290924, "Train/Total Generator loss": 3.0264956951141357, "Train/Adversarial loss A": 0.9870002269744873, "Train/Adversarial loss B": 0.0, "Train/Cycle consistency loss A": 1.1358892917633057, "Train/Cycle consistency loss B": 0.903606116771698, "Train/Supervised loss A": 0, "Train/Supervised loss B": 0, "Learning rate": 1.0000000000000004e-06, "_timestamp": 1687163750.0206745, "_runtime": 538.304904460907, "_step": 99, "Test/Generator loss": 3.251291275024414, "Test/Discriminator loss": 0.25001060962677, "Test/L1 loss between real signal A and fake signals A": 1.3764313459396362, "Test/L1 loss between real signal B and fake signals B": 0.8878495097160339, "Test/Discriminator A loss": 2.123044578183908e-05, "Test/Discriminator B loss": 0.4999999701976776, "Test/Adversarial or GAN loss A": 0.9870100021362305, "Test/Adversarial or GAN loss B": 0.0, "Test/Cycle consistency loss A": 1.3764317035675049, "Test/Cycle consistency loss B": 0.8878495097160339, "Test/Supervised loss A": 0, "Test/Supervised loss B": 0, "Test/Epoch": 50, "_wandb": {"runtime": 807}}