{"Train/Discriminator A loss": 0.012898651883006096, "Train/Discriminator B loss": 0.00570477731525898, "Train/Total Discriminator loss": 0.009301714599132538, "Train/Total Generator loss": 10.29499626159668, "Train/Adversarial loss A": 0.9712629318237305, "Train/Adversarial loss B": 0.9820241928100586, "Train/Cycle consistency loss A": 0.08055419474840164, "Train/Cycle consistency loss B": 0.025157969444990158, "Train/Supervised loss A": 0, "Train/Supervised loss B": 0, "Learning rate": 1.0000000000000002e-06, "_timestamp": 1686557600.3596165, "_runtime": 5160.688799619675, "_step": 464, "Test/Generator loss": 10.360294342041016, "Test/Discriminator loss": 0.004811207298189402, "Test/L1 loss between real signal A and fake signals A": 3.983994960784912, "Test/L1 loss between real signal B and fake signals B": 9.520851135253906, "Test/Discriminator A loss": 0.007775305770337582, "Test/Discriminator B loss": 0.0018471087096258998, "Test/Adversarial or GAN loss A": 0.9096412062644958, "Test/Adversarial or GAN loss B": 0.9946123361587524, "Test/Cycle consistency loss A": 0.14632020890712738, "Test/Cycle consistency loss B": 0.021485360339283943, "Test/Supervised loss A": 0, "Test/Supervised loss B": 0, "Test/Epoch": 450, "_wandb": {"runtime": 5221}}