{"Train/Discriminator A loss": 2.590724648143805e-07, "Train/Discriminator B loss": 4.4376170649229607e-07, "Train/Total Discriminator loss": 7.02834199728386e-07, "Train/Total Generator loss": 2.160954713821411, "Train/Adversarial loss A": 0.9971454739570618, "Train/Adversarial loss B": 0.9958380460739136, "Train/Cycle consistency loss A": 0.06286042928695679, "Train/Cycle consistency loss B": 0.1051107794046402, "Train/Supervised loss A": 0, "Train/Supervised loss B": 0, "Learning rate": 0.0, "_timestamp": 1688773171.3049777, "_runtime": 13470.592123746872, "_step": 239, "Test/Generator loss": 2.2232728004455566, "Test/Discriminator loss": 0.0014501516707241535, "Test/L1 loss between real signal A and fake signals A": 0.8921630382537842, "Test/L1 loss between real signal B and fake signals B": 1.3997429609298706, "Test/Discriminator A loss": 2.698913522181101e-05, "Test/Discriminator B loss": 0.001423162524588406, "Test/Adversarial or GAN loss A": 0.9743662476539612, "Test/Adversarial or GAN loss B": 0.9729639291763306, "Test/Cycle consistency loss A": 0.09718960523605347, "Test/Cycle consistency loss B": 0.1787530779838562, "Test/Supervised loss A": 0, "Test/Supervised loss B": 0, "Test/Epoch": 200, "_wandb": {"runtime": 13473}}