{"Train/Discriminator A loss": 3.920571907656267e-05, "Train/Discriminator B loss": 0.0023387963883578777, "Train/Total Discriminator loss": 0.002378002041950822, "Train/Total Generator loss": 1.6634085178375244, "Train/Adversarial loss A": 0.9447800517082214, "Train/Adversarial loss B": 0.6142224669456482, "Train/Cycle consistency loss A": 0.0169820599257946, "Train/Cycle consistency loss B": 0.08742398023605347, "Train/Supervised loss A": 0, "Train/Supervised loss B": 0, "Learning rate": 0.0, "_timestamp": 1690004610.6589153, "_runtime": 14744.28753232956, "_step": 239, "Test/Generator loss": 2.2365784645080566, "Test/Discriminator loss": 3.262525583025422e-09, "Test/L1 loss between real signal A and fake signals A": 0.5550059080123901, "Test/L1 loss between real signal B and fake signals B": 1.224818468093872, "Test/Discriminator A loss": 3.2320965903664955e-09, "Test/Discriminator B loss": 3.0429016945054954e-11, "Test/Adversarial or GAN loss A": 0.9994915127754211, "Test/Adversarial or GAN loss B": 0.999950647354126, "Test/Cycle consistency loss A": 0.038458485156297684, "Test/Cycle consistency loss B": 0.19867797195911407, "Test/Supervised loss A": 0, "Test/Supervised loss B": 0, "Test/Epoch": 200, "_wandb": {"runtime": 16047}}