{"Train/Discriminator A loss": 0.017493315041065216, "Train/Discriminator B loss": 0.010634178295731544, "Train/Total Discriminator loss": 0.01406374666839838, "Train/Total Generator loss": 10.887718200683594, "Train/Adversarial loss A": 0.9143518209457397, "Train/Adversarial loss B": 0.9479342699050903, "Train/Cycle consistency loss A": 0.2694091796875, "Train/Cycle consistency loss B": 0.045848432928323746, "Train/Supervised loss A": 0, "Train/Supervised loss B": 0, "Learning rate": 1.0000000000000002e-06, "_timestamp": 1686566579.7107613, "_runtime": 4161.02156829834, "_step": 531, "Test/Generator loss": 10.738381385803223, "Test/Discriminator loss": 0.025554288178682327, "Test/L1 loss between real signal A and fake signals A": 1.4765570163726807, "Test/L1 loss between real signal B and fake signals B": 2.1439242362976074, "Test/Discriminator A loss": 0.013745078817009926, "Test/Discriminator B loss": 0.03736349567770958, "Test/Adversarial or GAN loss A": 0.8946413397789001, "Test/Adversarial or GAN loss B": 0.9341210722923279, "Test/Cycle consistency loss A": 0.27418118715286255, "Test/Cycle consistency loss B": 0.04473259299993515, "Test/Supervised loss A": 0, "Test/Supervised loss B": 0, "Test/Epoch": 266, "_wandb": {"runtime": 4171}}