{"Train/Discriminator A loss": 4.574692502501421e-05, "Train/Discriminator B loss": 6.147423681213127e-10, "Train/Total Discriminator loss": 4.5747539843432605e-05, "Train/Total Generator loss": 3.1212871074676514, "Train/Adversarial loss A": 0.946278989315033, "Train/Adversarial loss B": 0.9998188018798828, "Train/Cycle consistency loss A": 0.599834144115448, "Train/Cycle consistency loss B": 0.575355052947998, "Train/Supervised loss A": 0, "Train/Supervised loss B": 0, "Learning rate": 0.0002, "_timestamp": 1690020501.2642934, "_runtime": 1883.2899525165558, "_step": 60, "Test/Generator loss": 3.1509814262390137, "Test/Discriminator loss": 4.352220361880654e-09, "Test/L1 loss between real signal A and fake signals A": 1.3137544393539429, "Test/L1 loss between real signal B and fake signals B": 1.1224700212478638, "Test/Discriminator A loss": 4.247949103586279e-09, "Test/Discriminator B loss": 1.0427112645539083e-10, "Test/Adversarial or GAN loss A": 0.9995130896568298, "Test/Adversarial or GAN loss B": 0.9999170303344727, "Test/Cycle consistency loss A": 0.5955648422241211, "Test/Cycle consistency loss B": 0.5559864640235901, "Test/Supervised loss A": 0, "Test/Supervised loss B": 0, "Test/Epoch": 50}