{"Train/Discriminator A loss": 2.1189696781220846e-05, "Train/Discriminator B loss": 0.5, "Train/Total Discriminator loss": 0.25001060962677, "Train/Total Generator loss": 3.0930449962615967, "Train/Adversarial loss A": 0.9870226979255676, "Train/Adversarial loss B": 0.0, "Train/Cycle consistency loss A": 1.179519772529602, "Train/Cycle consistency loss B": 0.926502525806427, "Train/Supervised loss A": 0, "Train/Supervised loss B": 0, "Learning rate": 1.0000000000000004e-06, "_timestamp": 1687164591.5430045, "_runtime": 566.8077116012573, "_step": 99, "Test/Generator loss": 3.2727231979370117, "Test/Discriminator loss": 0.25001057982444763, "Test/L1 loss between real signal A and fake signals A": 1.3519158363342285, "Test/L1 loss between real signal B and fake signals B": 0.9337829351425171, "Test/Discriminator A loss": 2.1186335288803093e-05, "Test/Discriminator B loss": 0.4999999701976776, "Test/Adversarial or GAN loss A": 0.9870234727859497, "Test/Adversarial or GAN loss B": 0.0, "Test/Cycle consistency loss A": 1.351916790008545, "Test/Cycle consistency loss B": 0.9337829351425171, "Test/Supervised loss A": 0, "Test/Supervised loss B": 0, "Test/Epoch": 50, "_wandb": {"runtime": 567}}