{"Train/Discriminator A loss": 0.00023554282961413264, "Train/Discriminator B loss": 0.07111118733882904, "Train/Total Discriminator loss": 0.035673364996910095, "Train/Total Generator loss": 2.0007193088531494, "Train/Adversarial loss A": 0.955056369304657, "Train/Adversarial loss B": 0.38701945543289185, "Train/Cycle consistency loss A": 0.44638341665267944, "Train/Cycle consistency loss B": 0.21226000785827637, "Train/Supervised loss A": 0, "Train/Supervised loss B": 0, "Learning rate": 0.01, "_timestamp": 1687176755.5103006, "_runtime": 1406.3068957328796, "_step": 17, "Test/Generator loss": 1.932658076286316, "Test/Discriminator loss": 0.2500472962856293, "Test/L1 loss between real signal A and fake signals A": 1.3325353860855103, "Test/L1 loss between real signal B and fake signals B": 1.4902210235595703, "Test/Discriminator A loss": 9.458141721552238e-05, "Test/Discriminator B loss": 0.5, "Test/Adversarial or GAN loss A": 0.9728724956512451, "Test/Adversarial or GAN loss B": 0.0, "Test/Cycle consistency loss A": 0.7073507905006409, "Test/Cycle consistency loss B": 0.2524348199367523, "Test/Supervised loss A": 0, "Test/Supervised loss B": 0, "Test/Epoch": 9}