{"Train/Discriminator A loss": 0.12080802768468857, "Train/Discriminator B loss": 0.5, "Train/Total Discriminator loss": 0.3104040026664734, "Train/Total Generator loss": 1.2815624475479126, "Train/Adversarial loss A": 0.2608935534954071, "Train/Adversarial loss B": 1.0, "Train/Cycle consistency loss A": 0.005743158981204033, "Train/Cycle consistency loss B": 0.014925660565495491, "Train/Supervised loss A": 0, "Train/Supervised loss B": 0, "Learning rate": 1.0000000000000002e-07, "_timestamp": 1687247001.1378593, "_runtime": 2005.9001064300537, "_step": 39, "Test/Generator loss": 1.2818012237548828, "Test/Discriminator loss": 0.3106782138347626, "Test/L1 loss between real signal A and fake signals A": 1.3949198722839355, "Test/L1 loss between real signal B and fake signals B": 2.0942587852478027, "Test/Discriminator A loss": 0.12135642766952515, "Test/Discriminator B loss": 0.5, "Test/Adversarial or GAN loss A": 0.26055678725242615, "Test/Adversarial or GAN loss B": 1.0, "Test/Cycle consistency loss A": 0.010237118229269981, "Test/Cycle consistency loss B": 0.011007258668541908, "Test/Supervised loss A": 0, "Test/Supervised loss B": 0, "Test/Epoch": 20, "_wandb": {"runtime": 2003}}