{"Train/Discriminator A loss": 0.5, "Train/Discriminator B loss": 1.05291098861926e-06, "Train/Total Discriminator loss": 0.250000536441803, "Train/Total Generator loss": 1.0177875757217407, "Train/Adversarial loss A": 0.0, "Train/Adversarial loss B": 0.997140109539032, "Train/Cycle consistency loss A": 0.008068150840699673, "Train/Cycle consistency loss B": 0.01257929764688015, "Train/Supervised loss A": 0, "Train/Supervised loss B": 0, "Learning rate": 1.0000000000000002e-06, "_timestamp": 1687215929.7407608, "_runtime": 3994.514757871628, "_step": 79, "Test/Generator loss": 1.0187591314315796, "Test/Discriminator loss": 0.250000536441803, "Test/L1 loss between real signal A and fake signals A": 21.88111114501953, "Test/L1 loss between real signal B and fake signals B": 3.8520305156707764, "Test/Discriminator A loss": 0.5, "Test/Discriminator B loss": 1.0704046644605114e-06, "Test/Adversarial or GAN loss A": 0.0, "Test/Adversarial or GAN loss B": 0.9970901012420654, "Test/Cycle consistency loss A": 0.012284284457564354, "Test/Cycle consistency loss B": 0.009384688921272755, "Test/Supervised loss A": 0, "Test/Supervised loss B": 0, "Test/Epoch": 40, "_wandb": {"runtime": 4103}}