{"Train/Discriminator A loss": 0.02500000037252903, "Train/Discriminator B loss": 0.025849971920251846, "Train/Total Discriminator loss": 0.050849974155426025, "Train/Total Generator loss": 1.087660789489746, "Train/Adversarial loss A": 0.21392042934894562, "Train/Adversarial loss B": 0.20444126427173615, "Train/Cycle consistency loss A": 0.16880325973033905, "Train/Cycle consistency loss B": 0.5004957914352417, "Train/Supervised loss A": 0, "Train/Supervised loss B": 0, "Learning rate": 0.0002, "_timestamp": 1690021520.9685996, "_runtime": 81.2301504611969, "_step": 0, "_wandb": {"runtime": 130}}