{"Train/Discriminator A loss": 5.629739825963043e-05, "Train/Discriminator B loss": 1.5336843716795556e-05, "Train/Total Discriminator loss": 7.163424015743658e-05, "Train/Total Generator loss": 3.414923667907715, "Train/Adversarial loss A": 0.945479691028595, "Train/Adversarial loss B": 0.9657930135726929, "Train/Cycle consistency loss A": 0.7404858469963074, "Train/Cycle consistency loss B": 0.7631649374961853, "Train/Supervised loss A": 0, "Train/Supervised loss B": 0, "Learning rate": 0.0002, "_timestamp": 1690016580.186349, "_runtime": 157.12636280059814, "_step": 9, "Test/Generator loss": 1.8677735328674316, "Test/Discriminator loss": 0.045073091983795166, "Test/L1 loss between real signal A and fake signals A": 0.7009431719779968, "Test/L1 loss between real signal B and fake signals B": 0.7255566120147705, "Test/Discriminator A loss": 0.024098902940750122, "Test/Discriminator B loss": 0.020974187180399895, "Test/Adversarial or GAN loss A": 0.24293144047260284, "Test/Adversarial or GAN loss B": 0.24908316135406494, "Test/Cycle consistency loss A": 0.6270284056663513, "Test/Cycle consistency loss B": 0.7487304210662842, "Test/Supervised loss A": 0, "Test/Supervised loss B": 0, "Test/Epoch": 5, "_wandb": {"runtime": 118}}