{"Train/Discriminator A loss": 0.1933121234178543, "Train/Discriminator B loss": 0.21168816089630127, "Train/Total Discriminator loss": 0.2025001347064972, "Train/Total Generator loss": 2.5487735271453857, "Train/Adversarial loss A": 0.24124398827552795, "Train/Adversarial loss B": 0.2527400255203247, "Train/Cycle consistency loss A": 1.125135064125061, "Train/Cycle consistency loss B": 0.9296544790267944, "Train/Supervised loss A": 0, "Train/Supervised loss B": 0, "Learning rate": 0.1, "_timestamp": 1686939741.0262544, "_runtime": 99.5860664844513, "_step": 1, "Test/Generator loss": 9.927949905395508, "Test/Discriminator loss": 0.25865572690963745, "Test/L1 loss between real signal A and fake signals A": 1.6857900619506836, "Test/L1 loss between real signal B and fake signals B": 1.660025954246521, "Test/Discriminator A loss": 0.2759060263633728, "Test/Discriminator B loss": 0.2414053976535797, "Test/Adversarial or GAN loss A": 0.19295631349086761, "Test/Adversarial or GAN loss B": 0.27220332622528076, "Test/Cycle consistency loss A": 8.313036918640137, "Test/Cycle consistency loss B": 1.1497539281845093, "Test/Supervised loss A": 0, "Test/Supervised loss B": 0, "Test/Epoch": 1}