{"Train/Discriminator A loss": 0.007145097944885492, "Train/Discriminator B loss": 0.00016514162416569889, "Train/Total Discriminator loss": 0.007310239598155022, "Train/Total Generator loss": 1.5593125820159912, "Train/Adversarial loss A": 0.5654881596565247, "Train/Adversarial loss B": 0.8934286832809448, "Train/Cycle consistency loss A": 0.04048081487417221, "Train/Cycle consistency loss B": 0.059914860874414444, "Train/Supervised loss A": 0, "Train/Supervised loss B": 0, "Learning rate": 0.000128, "_timestamp": 1690030311.9052215, "_runtime": 4979.686076402664, "_step": 69, "Test/Generator loss": 2.1364762783050537, "Test/Discriminator loss": 0.012598018161952496, "Test/L1 loss between real signal A and fake signals A": 0.3699718415737152, "Test/L1 loss between real signal B and fake signals B": 0.9273492097854614, "Test/Discriminator A loss": 0.010407369583845139, "Test/Discriminator B loss": 0.002190648578107357, "Test/Adversarial or GAN loss A": 0.9906705021858215, "Test/Adversarial or GAN loss B": 0.9835997819900513, "Test/Cycle consistency loss A": 0.04288719594478607, "Test/Cycle consistency loss B": 0.11931875348091125, "Test/Supervised loss A": 0, "Test/Supervised loss B": 0, "Test/Epoch": 50}