{"Train/Discriminator A loss": 2.7673091608448885e-05, "Train/Discriminator B loss": 1.2433271194822737e-06, "Train/Total Discriminator loss": 0.0002891641925089061, "Train/Total Generator loss": 20.01900863647461, "Train/Adversarial loss A": 0.9886279702186584, "Train/Adversarial loss B": 0.9980557560920715, "Train/Cycle consistency loss A": 0.028156373649835587, "Train/Cycle consistency loss B": 0.12401493638753891, "Train/Supervised loss A": 0, "Train/Supervised loss B": 0, "Learning rate": 0.0002, "_timestamp": 1688302279.2907329, "_runtime": 3197.027562856674, "_step": 31, "Test/Generator loss": 18.616487503051758, "Test/Discriminator loss": 0.5381932854652405, "Test/L1 loss between real signal A and fake signals A": 1.3914966583251953, "Test/L1 loss between real signal B and fake signals B": 1.1427639722824097, "Test/Discriminator A loss": 0.0017966717714443803, "Test/Discriminator B loss": 0.05202265828847885, "Test/Adversarial or GAN loss A": 0.914900541305542, "Test/Adversarial or GAN loss B": 0.9294524192810059, "Test/Cycle consistency loss A": 0.0849505141377449, "Test/Cycle consistency loss B": 0.08800667524337769, "Test/Supervised loss A": 0, "Test/Supervised loss B": 0, "Test/Epoch": 15, "_wandb": {"runtime": 3210}}