{"Train/Discriminator source loss": 0.2500358521938324, "Train/Discriminator target loss": 0.25005507469177246, "Train/Total Discriminator loss": 0.2500454783439636, "Train/Total Generator loss": 1.2898794412612915, "Train/Adversarial loss source": 0.2544853687286377, "Train/Adversarial loss target": 0.25531280040740967, "Train/Cycle consistency loss source": 0.4510650634765625, "Train/Cycle consistency loss target": 0.32901620864868164, "Train/Supervised loss source": 0, "Train/Supervised loss target": 0, "Learning rate": 0.01, "_timestamp": 1687972223.6187866, "_runtime": 342.02976965904236, "_step": 1, "Test/Generator loss": 0.8279114961624146, "Test/Discriminator loss": 0.24964745342731476, "Test/Discriminator A loss": 0.24928683042526245, "Test/Discriminator B loss": 0.25000807642936707, "Test/Adversarial or GAN loss A": 0.25398772954940796, "Test/Adversarial or GAN loss B": 0.25334975123405457, "Test/Cycle consistency loss A": 0.07783609628677368, "Test/Cycle consistency loss B": 0.24273796379566193, "Test/Supervised loss A": 0, "Test/Supervised loss B": 0, "Test/Epoch": 1, "_wandb": {"runtime": 359}}