{"Train/Discriminator A loss": 5.6122773095523826e-09, "Train/Discriminator B loss": 7.50918474068385e-08, "Train/Total Discriminator loss": 8.070412604865851e-08, "Train/Total Generator loss": 20.020511627197266, "Train/Adversarial loss A": 0.9999052286148071, "Train/Adversarial loss B": 0.9996391534805298, "Train/Cycle consistency loss A": 0.030585866421461105, "Train/Cycle consistency loss B": 0.22008982300758362, "Train/Supervised loss A": 0, "Train/Supervised loss B": 0, "Learning rate": 0.0, "_timestamp": 1688307650.078856, "_runtime": 5206.787334918976, "_step": 59, "Test/Generator loss": 20.039331436157227, "Test/Discriminator loss": 1.0659639837484747e-09, "Test/L1 loss between real signal A and fake signals A": 0.9870562553405762, "Test/L1 loss between real signal B and fake signals B": 0.8865483999252319, "Test/Discriminator A loss": 1.0659365612397664e-09, "Test/Discriminator B loss": 2.7394614219222388e-14, "Test/Adversarial or GAN loss A": 0.9999621510505676, "Test/Adversarial or GAN loss B": 0.9999998807907104, "Test/Cycle consistency loss A": 0.06435971707105637, "Test/Cycle consistency loss B": 0.3327488899230957, "Test/Supervised loss A": 0, "Test/Supervised loss B": 0, "Test/Epoch": 50, "_wandb": {"runtime": 5535}}