{"Train/Discriminator A loss": 0.5, "Train/Discriminator B loss": 0.313594788312912, "Train/Total Discriminator loss": 0.4067974090576172, "Train/Total Generator loss": 0.6482688188552856, "Train/Adversarial loss A": 0.0, "Train/Adversarial loss B": 0.34882840514183044, "Train/Cycle consistency loss A": 0.22782687842845917, "Train/Cycle consistency loss B": 0.07161349058151245, "Train/Supervised loss A": 0, "Train/Supervised loss B": 0, "Learning rate": 1.0000000000000002e-06, "_timestamp": 1687168179.0924435, "_runtime": 381.950311422348, "_step": 49, "Test/Generator loss": 1.2862250804901123, "Test/Discriminator loss": 0.2508738040924072, "Test/L1 loss between real signal A and fake signals A": 1.5959339141845703, "Test/L1 loss between real signal B and fake signals B": 5.075935363769531, "Test/Discriminator A loss": 0.5, "Test/Discriminator B loss": 0.0017476285574957728, "Test/Adversarial or GAN loss A": 0.0, "Test/Adversarial or GAN loss B": 0.8879500031471252, "Test/Cycle consistency loss A": 0.35208025574684143, "Test/Cycle consistency loss B": 0.0461948961019516, "Test/Supervised loss A": 0, "Test/Supervised loss B": 0, "Test/Epoch": 25}