{"Train/Discriminator A loss": 0.24585354328155518, "Train/Discriminator B loss": 0.25221604108810425, "Train/Total Discriminator loss": 0.2490347921848297, "Train/Total Generator loss": 12.525487899780273, "Train/Adversarial loss A": 0.20022284984588623, "Train/Adversarial loss B": 0.1957925260066986, "Train/Cycle consistency loss A": 1.2150217294692993, "Train/Cycle consistency loss B": 0.8940605521202087, "Train/Supervised loss A": 0, "Train/Supervised loss B": 0, "Learning rate": 0.0001, "_timestamp": 1686558534.6089487, "_runtime": 53.22727560997009, "_step": 2, "Test/Generator loss": 11.581608772277832, "Test/Discriminator loss": 0.2519482970237732, "Test/L1 loss between real signal A and fake signals A": 1.017677664756775, "Test/L1 loss between real signal B and fake signals B": 0.8553673028945923, "Test/Discriminator A loss": 0.24407550692558289, "Test/Discriminator B loss": 0.2598210573196411, "Test/Adversarial or GAN loss A": 0.23262345790863037, "Test/Adversarial or GAN loss B": 0.21125148236751556, "Test/Cycle consistency loss A": 1.017297625541687, "Test/Cycle consistency loss B": 0.8551492094993591, "Test/Supervised loss A": 0, "Test/Supervised loss B": 0, "Test/Epoch": 1, "_wandb": {"runtime": 67}}