{"Train/Discriminator A loss": 0.1211436465382576, "Train/Discriminator B loss": 0.0004522952949628234, "Train/Total Discriminator loss": 0.06079797074198723, "Train/Total Generator loss": 2.089785099029541, "Train/Adversarial loss A": 0.9326136708259583, "Train/Adversarial loss B": 0.971088707447052, "Train/Cycle consistency loss A": 0.06170938163995743, "Train/Cycle consistency loss B": 0.12437328696250916, "Train/Supervised loss A": 0, "Train/Supervised loss B": 0, "Learning rate": 0.001, "_timestamp": 1688030330.1723602, "_runtime": 670.2077071666718, "_step": 6, "Test/Generator loss": 1.199779987335205, "Test/Discriminator loss": 0.25015443563461304, "Test/L1 loss between real signal A and fake signals A": 1.710398554801941, "Test/L1 loss between real signal B and fake signals B": 1.4958380460739136, "Test/Discriminator A loss": 0.2503517270088196, "Test/Discriminator B loss": 0.2499571144580841, "Test/Adversarial or GAN loss A": 0.25100982189178467, "Test/Adversarial or GAN loss B": 0.25576502084732056, "Test/Cycle consistency loss A": 0.24023890495300293, "Test/Cycle consistency loss B": 0.45276618003845215, "Test/Supervised loss A": 0, "Test/Supervised loss B": 0, "Test/Epoch": 5, "_wandb": {"runtime": 765}}