{"Train/Discriminator A loss": 0.4285714626312256, "Train/Discriminator B loss": 0.012658873572945595, "Train/Total Discriminator loss": 0.22061516344547272, "Train/Total Generator loss": 1.0799250602722168, "Train/Adversarial loss A": 0.14285647869110107, "Train/Adversarial loss B": 0.8253603577613831, "Train/Cycle consistency loss A": 0.06621633470058441, "Train/Cycle consistency loss B": 0.04549190029501915, "Train/Supervised loss A": 0, "Train/Supervised loss B": 0, "Learning rate": 0.01, "_timestamp": 1687367712.5483005, "_runtime": 443.926251411438, "_step": 5, "Test/Generator loss": 0.6169152855873108, "Test/Discriminator loss": 0.3399518132209778, "Test/L1 loss between real signal A and fake signals A": 1.5841648578643799, "Test/L1 loss between real signal B and fake signals B": 1.679153561592102, "Test/Discriminator A loss": 0.4285714626312256, "Test/Discriminator B loss": 0.25133219361305237, "Test/Adversarial or GAN loss A": 0.1428571492433548, "Test/Adversarial or GAN loss B": 0.41029658913612366, "Test/Cycle consistency loss A": 0.03006219118833542, "Test/Cycle consistency loss B": 0.033699341118335724, "Test/Supervised loss A": 0, "Test/Supervised loss B": 0, "Test/Epoch": 3, "_wandb": {"runtime": 607}}