{"Train/Discriminator A loss": 0.02523553930222988, "Train/Discriminator B loss": 0.00016962183872237802, "Train/Total Discriminator loss": 0.0254051610827446, "Train/Total Generator loss": 2.016242265701294, "Train/Adversarial loss A": 0.8987890481948853, "Train/Adversarial loss B": 0.9693788290023804, "Train/Cycle consistency loss A": 0.028023067861795425, "Train/Cycle consistency loss B": 0.1200512945652008, "Train/Supervised loss A": 0, "Train/Supervised loss B": 0, "Learning rate": 0.0, "_timestamp": 1688563525.6039605, "_runtime": 18959.639640569687, "_step": 239, "Test/Generator loss": 1.6625545024871826, "Test/Discriminator loss": 0.3922937512397766, "Test/L1 loss between real signal A and fake signals A": 0.535098671913147, "Test/L1 loss between real signal B and fake signals B": 0.9311193823814392, "Test/Discriminator A loss": 0.21172606945037842, "Test/Discriminator B loss": 0.1805676817893982, "Test/Adversarial or GAN loss A": 0.5393010973930359, "Test/Adversarial or GAN loss B": 0.77260822057724, "Test/Cycle consistency loss A": 0.08014826476573944, "Test/Cycle consistency loss B": 0.27049684524536133, "Test/Supervised loss A": 0, "Test/Supervised loss B": 0, "Test/Epoch": 200, "_wandb": {"runtime": 22471}}