{"Train/Discriminator A loss": 0.4999999701976776, "Train/Discriminator B loss": 4.5532838157669175e-06, "Train/Total Discriminator loss": 0.5000045299530029, "Train/Total Generator loss": 18.013713836669922, "Train/Adversarial loss A": 0.0, "Train/Adversarial loss B": 0.9939736127853394, "Train/Cycle consistency loss A": 0.8628469109535217, "Train/Cycle consistency loss B": 0.8391271829605103, "Train/Supervised loss A": 0, "Train/Supervised loss B": 0, "Learning rate": 0.0, "_timestamp": 1688235746.3098981, "_runtime": 700.6177270412445, "_step": 239, "Test/Generator loss": 17.539295196533203, "Test/Discriminator loss": 0.5000045299530029, "Test/L1 loss between real signal A and fake signals A": 0.8267498016357422, "Test/L1 loss between real signal B and fake signals B": 0.827782392501831, "Test/Discriminator A loss": 0.5, "Test/Discriminator B loss": 4.553289727482479e-06, "Test/Adversarial or GAN loss A": 0.0, "Test/Adversarial or GAN loss B": 0.9939737319946289, "Test/Cycle consistency loss A": 0.8267498016357422, "Test/Cycle consistency loss B": 0.827782392501831, "Test/Supervised loss A": 0, "Test/Supervised loss B": 0, "Test/Epoch": 200, "_wandb": {"runtime": 996}}