{"Train/Discriminator A loss": 0.0012863106094300747, "Train/Discriminator B loss": 0.002370624803006649, "Train/Total Discriminator loss": 0.0018284677062183619, "Train/Total Generator loss": 2.0291800498962402, "Train/Adversarial loss A": 0.9905000925064087, "Train/Adversarial loss B": 0.9822245240211487, "Train/Cycle consistency loss A": 0.045785583555698395, "Train/Cycle consistency loss B": 0.010669673793017864, "Train/Supervised loss A": 0, "Train/Supervised loss B": 0, "_timestamp": 1686260469.5488422, "_runtime": 3823.1339740753174, "_step": 407, "Test/Generator loss": 2.041295289993286, "Test/Discriminator loss": 0.016119226813316345, "Test/L1 loss between real signal A and fake signals A": 1.872610330581665, "Test/L1 loss between real signal B and fake signals B": 1.0046941041946411, "Test/Discriminator A loss": 0.017961150035262108, "Test/Discriminator B loss": 0.014277305454015732, "Test/Adversarial or GAN loss A": 0.9502573013305664, "Test/Adversarial or GAN loss B": 0.9703769087791443, "Test/Cycle consistency loss A": 0.10936026275157928, "Test/Cycle consistency loss B": 0.011300813406705856, "Test/Supervised loss A": 0, "Test/Supervised loss B": 0, "Test/Epoch": 400, "_wandb": {"runtime": 4560}}