{"Train/Discriminator A loss": 0.002400479279458523, "Train/Discriminator B loss": 0.005451645236462355, "Train/Total Discriminator loss": 0.00785212405025959, "Train/Total Generator loss": 1.8344180583953857, "Train/Adversarial loss A": 0.8544371724128723, "Train/Adversarial loss B": 0.8184423446655273, "Train/Cycle consistency loss A": 0.04133230820298195, "Train/Cycle consistency loss B": 0.12020634114742279, "Train/Supervised loss A": 0, "Train/Supervised loss B": 0, "Learning rate": 0.0, "_timestamp": 1688739367.575097, "_runtime": 709.788134098053, "_step": 239, "Test/Generator loss": 1.9759435653686523, "Test/Discriminator loss": 0.003113837679848075, "Test/L1 loss between real signal A and fake signals A": 0.6497486233711243, "Test/L1 loss between real signal B and fake signals B": 0.9853401780128479, "Test/Discriminator A loss": 0.001166578265838325, "Test/Discriminator B loss": 0.0019472594140097499, "Test/Adversarial or GAN loss A": 0.8954954743385315, "Test/Adversarial or GAN loss B": 0.8939691185951233, "Test/Cycle consistency loss A": 0.056058041751384735, "Test/Cycle consistency loss B": 0.1304209977388382, "Test/Supervised loss A": 0, "Test/Supervised loss B": 0, "Test/Epoch": 200, "_wandb": {"runtime": 710}}