{"Train/Discriminator source loss": 0.2500006854534149, "Train/Discriminator target loss": 0.2500912547111511, "Train/Total Discriminator loss": 0.2500459551811218, "Train/Total Generator loss": 0.9172652959823608, "Train/Adversarial loss source": 0.2508303225040436, "Train/Adversarial loss target": 0.25641605257987976, "Train/Cycle consistency loss source": 0.07970146089792252, "Train/Cycle consistency loss target": 0.33031749725341797, "Train/Supervised loss source": 0, "Train/Supervised loss target": 0, "Learning rate": 0.01, "_timestamp": 1687443599.9639559, "_runtime": 2209.142592906952, "_step": 3, "_wandb": {"runtime": 3194}}