{"Train/Discriminator A loss": 0.00711267814040184, "Train/Discriminator B loss": 0.006142550613731146, "Train/Total Discriminator loss": 0.006627614609897137, "Train/Total Generator loss": 5.418927192687988, "Train/Adversarial loss A": 0.9644350409507751, "Train/Adversarial loss B": 0.9669734835624695, "Train/Cycle consistency loss A": 0.0633210614323616, "Train/Cycle consistency loss B": 0.013185260817408562, "Train/Supervised loss A": 2.464193105697632, "Train/Supervised loss B": 0.9468190670013428, "_timestamp": 1686256374.896731, "_runtime": 3917.8578639030457, "_step": 407, "Test/Generator loss": 5.0749053955078125, "Test/Discriminator loss": 0.033216994255781174, "Test/L1 loss between real signal A and fake signals A": 2.235732078552246, "Test/L1 loss between real signal B and fake signals B": 0.9248332381248474, "Test/Discriminator A loss": 0.05285040661692619, "Test/Discriminator B loss": 0.013583584688603878, "Test/Adversarial or GAN loss A": 0.8098742961883545, "Test/Adversarial or GAN loss B": 0.9697636961936951, "Test/Cycle consistency loss A": 0.12297068536281586, "Test/Cycle consistency loss B": 0.011731233447790146, "Test/Supervised loss A": 2.235732078552246, "Test/Supervised loss B": 0.9248332381248474, "Test/Epoch": 400, "_wandb": {"runtime": 3917}}