{"Train/Discriminator A loss": 1.0281560207658913e-05, "Train/Discriminator B loss": 2.439592865292071e-22, "Train/Total Discriminator loss": 1.0281560207658913e-05, "Train/Total Generator loss": 2.059762954711914, "Train/Adversarial loss A": 0.9798231720924377, "Train/Adversarial loss B": 1.0, "Train/Cycle consistency loss A": 0.030981363728642464, "Train/Cycle consistency loss B": 0.04895837977528572, "Train/Supervised loss A": 0, "Train/Supervised loss B": 0, "Learning rate": 0.0, "_timestamp": 1689943310.094496, "_runtime": 14241.81972694397, "_step": 239, "Test/Generator loss": 2.067028284072876, "Test/Discriminator loss": 4.0846245497050404e-07, "Test/L1 loss between real signal A and fake signals A": 0.34258848428726196, "Test/L1 loss between real signal B and fake signals B": 0.6259918212890625, "Test/Discriminator A loss": 4.021758002181741e-07, "Test/Discriminator B loss": 6.2866507555270346e-09, "Test/Adversarial or GAN loss A": 0.9982277750968933, "Test/Adversarial or GAN loss B": 0.9994985461235046, "Test/Cycle consistency loss A": 0.030705668032169342, "Test/Cycle consistency loss B": 0.03859622776508331, "Test/Supervised loss A": 0, "Test/Supervised loss B": 0, "Test/Epoch": 200, "_wandb": {"runtime": 14247}}