{"Train/Discriminator source loss": 0.23427586257457733, "Train/Discriminator target loss": 0.20413152873516083, "Train/Total Discriminator loss": 0.21920369565486908, "Train/Total Generator loss": 0.7177087068557739, "Train/Adversarial loss source": 0.2548370957374573, "Train/Adversarial loss target": 0.20890571177005768, "Train/Cycle consistency loss source": 0.06635649502277374, "Train/Cycle consistency loss target": 0.18760938942432404, "Train/Supervised loss source": 0, "Train/Supervised loss target": 0, "Learning rate": 0.001, "_timestamp": 1687777653.3950381, "_runtime": 2439.794604063034, "_step": 5, "Test/Generator loss": 0.9001057744026184, "Test/Discriminator loss": 0.2514420449733734, "Test/L1 loss between real signal A and fake signals A": 1.3460021018981934, "Test/L1 loss between real signal B and fake signals B": 1.55550217628479, "Test/Discriminator A loss": 0.259107381105423, "Test/Discriminator B loss": 0.24377670884132385, "Test/Adversarial or GAN loss A": 0.250661700963974, "Test/Adversarial or GAN loss B": 0.26523518562316895, "Test/Cycle consistency loss A": 0.09776623547077179, "Test/Cycle consistency loss B": 0.2864426374435425, "Test/Supervised loss A": 0, "Test/Supervised loss B": 0, "Test/Epoch": 5, "_wandb": {"runtime": 8062}}