{"Train/Discriminator A loss": 0.2500014305114746, "Train/Discriminator B loss": 0.23703452944755554, "Train/Total Discriminator loss": 0.24351797997951508, "Train/Total Generator loss": 1.2019832134246826, "Train/Adversarial loss A": 0.251167356967926, "Train/Adversarial loss B": 0.25492537021636963, "Train/Cycle consistency loss A": 0.17194558680057526, "Train/Cycle consistency loss B": 0.5239449739456177, "Train/Supervised loss A": 0, "Train/Supervised loss B": 0, "Learning rate": 0.01, "_timestamp": 1687432441.5028265, "_runtime": 332.16390347480774, "_step": 0}