{"Train/Discriminator A loss": 0.5, "Train/Discriminator B loss": 1.3524324771196916e-08, "Train/Total Discriminator loss": 0.25, "Train/Total Generator loss": 1.024886965751648, "Train/Adversarial loss A": 0.0, "Train/Adversarial loss B": 0.9998728036880493, "Train/Cycle consistency loss A": 0.004561088979244232, "Train/Cycle consistency loss B": 0.020453065633773804, "Train/Supervised loss A": 0, "Train/Supervised loss B": 0, "Learning rate": 1e-05, "_timestamp": 1687200915.2316878, "_runtime": 3205.5616986751556, "_step": 59, "Test/Generator loss": 0.9154564142227173, "Test/Discriminator loss": 0.25784409046173096, "Test/L1 loss between real signal A and fake signals A": 4.103221893310547, "Test/L1 loss between real signal B and fake signals B": 1.9505658149719238, "Test/Discriminator A loss": 0.5, "Test/Discriminator B loss": 0.01568819396197796, "Test/Adversarial or GAN loss A": 0.0, "Test/Adversarial or GAN loss B": 0.8973070979118347, "Test/Cycle consistency loss A": 0.009263884276151657, "Test/Cycle consistency loss B": 0.00888543389737606, "Test/Supervised loss A": 0, "Test/Supervised loss B": 0, "Test/Epoch": 30, "_wandb": {"runtime": 4859}}