{"Train/Discriminator source loss": 0.021186215803027153, "Train/Discriminator target loss": 0.021433239802718163, "Train/Total Discriminator loss": 0.042619455605745316, "Train/Total Generator loss": 0.9383492469787598, "Train/Adversarial loss source": 0.2537077069282532, "Train/Adversarial loss target": 0.254342645406723, "Train/Cycle consistency loss source": 0.20142945647239685, "Train/Cycle consistency loss target": 0.22886943817138672, "Train/Supervised loss source": 0, "Train/Supervised loss target": 0, "Learning rate": 0.0002, "_timestamp": 1689296160.0753248, "_runtime": 3701.4783747196198, "_step": 10, "Test/Generator loss": 0.8475226163864136, "Test/Discriminator loss": 0.05008693411946297, "Test/L1 loss between real signal A and fake signals A": 1.5485907793045044, "Test/L1 loss between real signal B and fake signals B": 1.2762600183486938, "Test/Discriminator A loss": 0.025000108405947685, "Test/Discriminator B loss": 0.02508682571351528, "Test/Adversarial or GAN loss A": 0.2510104179382324, "Test/Adversarial or GAN loss B": 0.2507559061050415, "Test/Cycle consistency loss A": 0.16785608232021332, "Test/Cycle consistency loss B": 0.17790023982524872, "Test/Supervised loss A": 0, "Test/Supervised loss B": 0, "Test/Epoch": 10, "_wandb": {"runtime": 30470}}