{"Train/Discriminator A loss": 0.021770130842924118, "Train/Discriminator B loss": 0.021567855030298233, "Train/Total Discriminator loss": 0.04333798587322235, "Train/Total Generator loss": 0.9482249021530151, "Train/Adversarial loss A": 0.2535147964954376, "Train/Adversarial loss B": 0.2513958811759949, "Train/Cycle consistency loss A": 0.21190495789051056, "Train/Cycle consistency loss B": 0.23140926659107208, "Train/Supervised loss A": 0, "Train/Supervised loss B": 0, "Learning rate": 0.0002, "_timestamp": 1691011139.8432038, "_runtime": 2241.5808477401733, "_step": 24}