{"Train/Discriminator A loss": 0.23321333527565002, "Train/Discriminator B loss": 0.2302098572254181, "Train/Total Discriminator loss": 0.23171159625053406, "Train/Total Generator loss": 24.21766471862793, "Train/Adversarial loss A": 0.3203575909137726, "Train/Adversarial loss B": 0.2926369309425354, "Train/Cycle consistency loss A": 0.2342875897884369, "Train/Cycle consistency loss B": 0.2175973504781723, "_timestamp": 1686221136.3928878, "_runtime": 6509.164742946625, "_step": 899, "Test/Generator loss": 23.406795501708984, "Test/Discriminator loss": 0.9653950333595276, "Test/L1 loss between real signal A and fake signals A": 0.9994072318077087, "Test/L1 loss between real signal B and fake signals B": 1.0693788528442383, "Test/L1_realA_fakeB": 0.9584136009216309, "Test/L1_realB_fakeA": 0.851169764995575, "Test/Discriminator A loss": 0.5044663548469543, "Test/Discriminator B loss": 0.46092867851257324, "Test/Total Discriminator loss": 0.9653950333595276, "Test/Adversarial loss A": 0.262046217918396, "Test/Adversarial loss B": 0.27562710642814636, "Test/Cycle consistency loss A": 0.28887468576431274, "Test/Cycle consistency loss B": 0.2788679599761963, "Test/Total Generator loss": 23.406795501708984, "Test/Epoch": 600, "_wandb": {"runtime": 6509}}