{"Train/Discriminator A loss": 0.006568193901330233, "Train/Discriminator B loss": 0.5, "Train/Total Discriminator loss": 0.2532840967178345, "Train/Total Generator loss": 5.326977252960205, "Train/Adversarial loss A": 0.8750705122947693, "Train/Adversarial loss B": 0.0, "Train/Cycle consistency loss A": 0.15481704473495483, "Train/Cycle consistency loss B": 0.0355079211294651, "Train/Supervised loss A": 0, "Train/Supervised loss B": 0, "Learning rate": 0.01, "_timestamp": 1686576814.7765849, "_runtime": 5113.062637805939, "_step": 58, "Test/Generator loss": 4.746062755584717, "Test/Discriminator loss": 0.27722713351249695, "Test/L1 loss between real signal A and fake signals A": 1.7186172008514404, "Test/L1 loss between real signal B and fake signals B": 0.8514961004257202, "Test/Discriminator A loss": 0.054454255849123, "Test/Discriminator B loss": 0.5, "Test/Adversarial or GAN loss A": 0.7354654669761658, "Test/Adversarial or GAN loss B": 0.0, "Test/Cycle consistency loss A": 0.1721029281616211, "Test/Cycle consistency loss B": 0.04164416342973709, "Test/Supervised loss A": 0, "Test/Supervised loss B": 0, "Test/Epoch": 50, "_wandb": {"runtime": 5236}}