{"Train/Discriminator source loss": 1.2655469561195787e-07, "Train/Discriminator target loss": 2.852615580195561e-06, "Train/Total Discriminator loss": 2.979170176331536e-06, "Train/Total Generator loss": 3.331183671951294, "Train/Adversarial loss source": 0.9968417286872864, "Train/Adversarial loss target": 0.9852726459503174, "Train/Cycle consistency loss source": 0.7289590835571289, "Train/Cycle consistency loss target": 0.620110273361206, "Train/Supervised loss source": 0, "Train/Supervised loss target": 0, "Learning rate": 0.0, "_timestamp": 1689067196.671414, "_runtime": 57345.11654090881, "_step": 399, "Test/Generator loss": 3.770504951477051, "Test/Discriminator loss": 2.979322061946732e-06, "Test/L1 loss between real signal A and fake signals A": 1.011817216873169, "Test/L1 loss between real signal B and fake signals B": 0.7765759229660034, "Test/Discriminator A loss": 1.2655287662255432e-07, "Test/Discriminator B loss": 2.8527692848001607e-06, "Test/Adversarial or GAN loss A": 0.9968417882919312, "Test/Adversarial or GAN loss B": 0.9852721095085144, "Test/Cycle consistency loss A": 1.011817216873169, "Test/Cycle consistency loss B": 0.7765738368034363, "Test/Supervised loss A": 0, "Test/Supervised loss B": 0, "Test/Epoch": 200, "_wandb": {"runtime": 57489}}