{"Train/Discriminator A loss": 0.5, "Train/Discriminator B loss": 8.407790785948902e-45, "Train/Total Discriminator loss": 0.10000000149011612, "Train/Total Generator loss": 10.108107566833496, "Train/Adversarial loss A": 0.0, "Train/Adversarial loss B": 1.0, "Train/Cycle consistency loss A": 0.01986132562160492, "Train/Cycle consistency loss B": 0.08824577182531357, "Train/Supervised loss A": 0, "Train/Supervised loss B": 0, "Learning rate": 0.0, "_timestamp": 1688332669.2612011, "_runtime": 21006.72082710266, "_step": 245, "Test/Generator loss": 10.082857131958008, "Test/Discriminator loss": 0.10000000149011612, "Test/L1 loss between real signal A and fake signals A": 0.9871512055397034, "Test/L1 loss between real signal B and fake signals B": 10.228702545166016, "Test/Discriminator A loss": 0.5, "Test/Discriminator B loss": 0.0, "Test/Adversarial or GAN loss A": 0.0, "Test/Adversarial or GAN loss B": 1.0, "Test/Cycle consistency loss A": 0.03333447128534317, "Test/Cycle consistency loss B": 0.04952290654182434, "Test/Supervised loss A": 0, "Test/Supervised loss B": 0, "Test/Epoch": 200, "_wandb": {"runtime": 21332}}