{"Train/Discriminator A loss": 0.0031013931147754192, "Train/Discriminator B loss": 0.000852979370392859, "Train/Total Discriminator loss": 0.003954372368752956, "Train/Total Generator loss": 1.9341696500778198, "Train/Adversarial loss A": 0.8950859308242798, "Train/Adversarial loss B": 0.9210825562477112, "Train/Cycle consistency loss A": 0.03646514564752579, "Train/Cycle consistency loss B": 0.08153598755598068, "Train/Supervised loss A": 0, "Train/Supervised loss B": 0, "Learning rate": 0.0, "_timestamp": 1688736311.023234, "_runtime": 1741.1737728118896, "_step": 239, "Test/Generator loss": 1.9323713779449463, "Test/Discriminator loss": 0.003645472228527069, "Test/L1 loss between real signal A and fake signals A": 0.7934589982032776, "Test/L1 loss between real signal B and fake signals B": 0.8803587555885315, "Test/Discriminator A loss": 0.0026912991888821125, "Test/Discriminator B loss": 0.0009541729814372957, "Test/Adversarial or GAN loss A": 0.8928596377372742, "Test/Adversarial or GAN loss B": 0.898968517780304, "Test/Cycle consistency loss A": 0.0507500059902668, "Test/Cycle consistency loss B": 0.08979317545890808, "Test/Supervised loss A": 0, "Test/Supervised loss B": 0, "Test/Epoch": 200, "_wandb": {"runtime": 1749}}