{"Train/Discriminator A loss": 0.0059174466878175735, "Train/Discriminator B loss": 0.2500753402709961, "Train/Total Discriminator loss": 0.12799639999866486, "Train/Total Generator loss": 24.209125518798828, "Train/Adversarial loss A": 0.9921297430992126, "Train/Adversarial loss B": 0.25552400946617126, "Train/Cycle consistency loss A": 0.7792882919311523, "Train/Cycle consistency loss B": 0.7895610332489014, "_timestamp": 1686165635.1861105, "_runtime": 2549.9426584243774, "_step": 303, "Test/Generator loss": 24.74811553955078, "Test/Discriminator loss": 0.5086198449134827, "Test/L1 loss between real signal A and fake signals A": 0.7452644109725952, "Test/L1 loss between real signal B and fake signals B": 0.8479173183441162, "Test/L1_realA_fakeB": 0.8027082085609436, "Test/L1_realB_fakeA": 0.8626890182495117, "Test/Discriminator A loss": 0.011678067967295647, "Test/Discriminator B loss": 0.49694180488586426, "Test/Total Discriminator loss": 0.5086198449134827, "Test/Adversarial loss A": 0.9954652786254883, "Test/Adversarial loss B": 0.2527916431427002, "Test/Cycle consistency loss A": 0.7452650666236877, "Test/Cycle consistency loss B": 0.84782874584198, "Test/Total Generator loss": 24.74811553955078, "Test/Epoch": 200, "_wandb": {"runtime": 2243}}