{"Train/Discriminator A loss": 0.3190707564353943, "Train/Discriminator B loss": 0.1622287929058075, "Train/Total Discriminator loss": 0.2406497746706009, "Train/Total Generator loss": 6.404452323913574, "Train/Adversarial loss A": 0.14126333594322205, "Train/Adversarial loss B": 0.24409092962741852, "Train/Cycle consistency loss A": 0.6401779651641846, "Train/Cycle consistency loss B": 0.2553583085536957, "Train/Supervised loss A": 0, "Train/Supervised loss B": 0, "Learning rate": 0.01, "_timestamp": 1686580449.50133, "_runtime": 141.17471885681152, "_step": 0}