{"Train/Discriminator A loss": 0.03650267794728279, "Train/Discriminator B loss": 0.22263206541538239, "Train/Total Discriminator loss": 0.12956736981868744, "Train/Total Generator loss": 1.7431187629699707, "Train/Adversarial loss A": 0.5441404581069946, "Train/Adversarial loss B": 0.7762852311134338, "Train/Cycle consistency loss A": 0.28560370206832886, "Train/Cycle consistency loss B": 0.13708926737308502, "Train/Supervised loss A": 0, "Train/Supervised loss B": 0, "Learning rate": 0.0001, "_timestamp": 1686781954.4992704, "_runtime": 12956.152356386185, "_step": 29, "Test/Generator loss": 1.6741154193878174, "Test/Discriminator loss": 0.2584027945995331, "Test/L1 loss between real signal A and fake signals A": 1.7508844137191772, "Test/L1 loss between real signal B and fake signals B": 1.5047798156738281, "Test/Discriminator A loss": 0.015379968099296093, "Test/Discriminator B loss": 0.5014256238937378, "Test/Adversarial or GAN loss A": 0.6866233348846436, "Test/Adversarial or GAN loss B": 0.04262222722172737, "Test/Cycle consistency loss A": 0.62177574634552, "Test/Cycle consistency loss B": 0.32309412956237793, "Test/Supervised loss A": 0, "Test/Supervised loss B": 0, "Test/Epoch": 15}