{"Train/Discriminator source loss": 6.479170906459331e-07, "Train/Discriminator target loss": 5.2695268095703796e-05, "Train/Total Discriminator loss": 5.3343184845289215e-05, "Train/Total Generator loss": 2.1691572666168213, "Train/Adversarial loss source": 0.9969635605812073, "Train/Adversarial loss target": 0.9747819900512695, "Train/Cycle consistency loss source": 0.11535857617855072, "Train/Cycle consistency loss target": 0.08205314725637436, "Train/Supervised loss source": 0, "Train/Supervised loss target": 0, "Learning rate": 0.0, "_timestamp": 1689386294.6492362, "_runtime": 61467.41735816002, "_step": 219, "Test/Generator loss": 2.1970572471618652, "Test/Discriminator loss": 1.4155573602181448e-08, "Test/L1 loss between real signal A and fake signals A": 2.4881742000579834, "Test/L1 loss between real signal B and fake signals B": 3.0561070442199707, "Test/Discriminator A loss": 1.4151105176551937e-08, "Test/Discriminator B loss": 4.468753058567421e-12, "Test/Adversarial or GAN loss A": 0.9995971918106079, "Test/Adversarial or GAN loss B": 0.9999920725822449, "Test/Cycle consistency loss A": 0.07644815742969513, "Test/Cycle consistency loss B": 0.12102000415325165, "Test/Supervised loss A": 0, "Test/Supervised loss B": 0, "Test/Epoch": 200, "_wandb": {"runtime": 61503}}