{"Train/Discriminator A loss": 1.4439814322031452e-06, "Train/Discriminator B loss": 0.10000000149011612, "Train/Total Discriminator loss": 0.10000144690275192, "Train/Total Generator loss": 1.0162349939346313, "Train/Adversarial loss A": 0.9941807389259338, "Train/Adversarial loss B": 0.0, "Train/Cycle consistency loss A": 0.007758435793220997, "Train/Cycle consistency loss B": 0.01429582666605711, "Train/Supervised loss A": 0, "Train/Supervised loss B": 0, "Learning rate": 0.0, "_timestamp": 1689791940.9883196, "_runtime": 21269.960251569748, "_step": 239, "Test/Generator loss": 1.0392181873321533, "Test/Discriminator loss": 0.10000000894069672, "Test/L1 loss between real signal A and fake signals A": 0.9067719578742981, "Test/L1 loss between real signal B and fake signals B": 6.118165016174316, "Test/Discriminator A loss": 5.491248789013525e-09, "Test/Discriminator B loss": 0.10000000149011612, "Test/Adversarial or GAN loss A": 0.9996229410171509, "Test/Adversarial or GAN loss B": 0.0, "Test/Cycle consistency loss A": 0.010393207892775536, "Test/Cycle consistency loss B": 0.02920202538371086, "Test/Supervised loss A": 0, "Test/Supervised loss B": 0, "Test/Epoch": 200, "_wandb": {"runtime": 26971}}