{"Train/Discriminator source loss": 0.24794603884220123, "Train/Discriminator target loss": 0.18576934933662415, "Train/Total Discriminator loss": 0.2168577015399933, "Train/Total Generator loss": 2.2000856399536133, "Train/Adversarial loss source": 0.25, "Train/Adversarial loss target": 0.2557135820388794, "Train/Cycle consistency loss source": 0.8822683095932007, "Train/Cycle consistency loss target": 0.8121036291122437, "Train/Supervised loss source": 0, "Train/Supervised loss target": 0, "Learning rate": 0.01, "_timestamp": 1687432899.606941, "_runtime": 343.4656710624695, "_step": 0, "_wandb": {"runtime": 658}}