{"Train/Discriminator A loss": 8.631148773474706e-08, "Train/Discriminator B loss": 2.9044533675914863e-06, "Train/Total Discriminator loss": 2.990764869537088e-06, "Train/Total Generator loss": 2.039123296737671, "Train/Adversarial loss A": 0.99956214427948, "Train/Adversarial loss B": 0.9969964623451233, "Train/Cycle consistency loss A": 0.019574182108044624, "Train/Cycle consistency loss B": 0.022990338504314423, "Train/Supervised loss A": 0, "Train/Supervised loss B": 0, "Learning rate": 0.0, "_timestamp": 1689285607.2877412, "_runtime": 20656.699431180954, "_step": 239, "Test/Generator loss": 2.1051950454711914, "Test/Discriminator loss": 5.124474057452775e-18, "Test/L1 loss between real signal A and fake signals A": 2.2354493141174316, "Test/L1 loss between real signal B and fake signals B": 3.6069180965423584, "Test/Discriminator A loss": 8.65370817651565e-19, "Test/Discriminator B loss": 4.259103343198786e-18, "Test/Adversarial or GAN loss A": 1.0, "Test/Adversarial or GAN loss B": 1.0, "Test/Cycle consistency loss A": 0.022246912121772766, "Test/Cycle consistency loss B": 0.0829482153058052, "Test/Supervised loss A": 0, "Test/Supervised loss B": 0, "Test/Epoch": 200, "_wandb": {"runtime": 20661}}