{"Train/Discriminator A loss": 0.00034319324186071754, "Train/Discriminator B loss": 0.005412188358604908, "Train/Total Discriminator loss": 0.0028776908293366432, "Train/Total Generator loss": 10.333662033081055, "Train/Adversarial loss A": 0.9901410937309265, "Train/Adversarial loss B": 0.9248415231704712, "Train/Cycle consistency loss A": 0.12937767803668976, "Train/Cycle consistency loss B": 0.02237209491431713, "Train/Supervised loss A": 0, "Train/Supervised loss B": 0, "Learning rate": 0.0001, "_timestamp": 1686595467.4603763, "_runtime": 14394.60453414917, "_step": 123, "Test/Generator loss": 10.436107635498047, "Test/Discriminator loss": 0.0065268659964203835, "Test/L1 loss between real signal A and fake signals A": 3.1142959594726562, "Test/L1 loss between real signal B and fake signals B": 7.136899948120117, "Test/Discriminator A loss": 0.005348230712115765, "Test/Discriminator B loss": 0.00770550174638629, "Test/Adversarial or GAN loss A": 0.9093058705329895, "Test/Adversarial or GAN loss B": 0.9999898672103882, "Test/Cycle consistency loss A": 0.16392187774181366, "Test/Cycle consistency loss B": 0.014003986492753029, "Test/Supervised loss A": 0, "Test/Supervised loss B": 0, "Test/Epoch": 100}