{"Train/Discriminator A loss": 1.2266347937384126e-09, "Train/Discriminator B loss": 1.784189933403412e-22, "Train/Total Discriminator loss": 1.2266347937384126e-09, "Train/Total Generator loss": 2.4129505157470703, "Train/Adversarial loss A": 0.9999244809150696, "Train/Adversarial loss B": 1.0, "Train/Cycle consistency loss A": 0.06827859580516815, "Train/Cycle consistency loss B": 0.34474751353263855, "Train/Supervised loss A": 0, "Train/Supervised loss B": 0, "Learning rate": 0.0, "_timestamp": 1688795204.3349183, "_runtime": 21689.983770370483, "_step": 239, "Test/Generator loss": 2.429337978363037, "Test/Discriminator loss": 5.771756406147688e-10, "Test/L1 loss between real signal A and fake signals A": 1.0343093872070312, "Test/L1 loss between real signal B and fake signals B": 3.2422056198120117, "Test/Discriminator A loss": 5.771756406147688e-10, "Test/Discriminator B loss": 2.4681022206566277e-18, "Test/Adversarial or GAN loss A": 0.9999350309371948, "Test/Adversarial or GAN loss B": 1.0, "Test/Cycle consistency loss A": 0.04382971674203873, "Test/Cycle consistency loss B": 0.3855733275413513, "Test/Supervised loss A": 0, "Test/Supervised loss B": 0, "Test/Epoch": 200, "_wandb": {"runtime": 22592}}