{"Train/Discriminator A loss": 0.47395002841949463, "Train/Discriminator B loss": 0.2044069916009903, "Train/Total Discriminator loss": 0.33917850255966187, "Train/Total Generator loss": 4.843442916870117, "Train/Adversarial loss A": 0.12424632161855698, "Train/Adversarial loss B": 0.4649953544139862, "Train/Cycle consistency loss A": 1.203261137008667, "Train/Cycle consistency loss B": 0.9067903757095337, "Train/Supervised loss A": 1.2152626514434814, "Train/Supervised loss B": 0.9288868308067322, "_timestamp": 1686344685.3268313, "_runtime": 970.3893654346466, "_step": 101, "Test/Generator loss": 4.3406476974487305, "Test/Discriminator loss": 0.3423219323158264, "Test/L1 loss between real signal A and fake signals A": 1.0200233459472656, "Test/L1 loss between real signal B and fake signals B": 0.8707239627838135, "Test/Discriminator A loss": 0.47279614210128784, "Test/Discriminator B loss": 0.21184773743152618, "Test/Adversarial or GAN loss A": 0.12345179170370102, "Test/Adversarial or GAN loss B": 0.46444639563560486, "Test/Cycle consistency loss A": 1.0107078552246094, "Test/Cycle consistency loss B": 0.8512943983078003, "Test/Supervised loss A": 1.0200233459472656, "Test/Supervised loss B": 0.8707239627838135, "Test/Epoch": 100}