{"Train/Discriminator A loss": 0.25, "Train/Discriminator B loss": 0.2500030994415283, "Train/Total Discriminator loss": 0.25000154972076416, "Train/Total Generator loss": 0.6485737562179565, "Train/Adversarial loss A": 0.25002050399780273, "Train/Adversarial loss B": 0.251376748085022, "Train/Cycle consistency loss A": 0.043958861380815506, "Train/Cycle consistency loss B": 0.10321766138076782, "Train/Supervised loss A": 0, "Train/Supervised loss B": 0, "Learning rate": 0.01, "_timestamp": 1687216580.3644302, "_runtime": 533.4767112731934, "_step": 9, "Test/Generator loss": 0.6128851175308228, "Test/Discriminator loss": 0.25000107288360596, "Test/L1 loss between real signal A and fake signals A": 1.662655234336853, "Test/L1 loss between real signal B and fake signals B": 1.6161328554153442, "Test/Discriminator A loss": 0.25, "Test/Discriminator B loss": 0.2500021755695343, "Test/Adversarial or GAN loss A": 0.25002050399780273, "Test/Adversarial or GAN loss B": 0.25137588381767273, "Test/Cycle consistency loss A": 0.03871177136898041, "Test/Cycle consistency loss B": 0.0727768987417221, "Test/Supervised loss A": 0, "Test/Supervised loss B": 0, "Test/Epoch": 5}