{"Train/Discriminator A loss": 0.10000000149011612, "Train/Discriminator B loss": 6.547817520186072e-06, "Train/Total Discriminator loss": 0.10000655055046082, "Train/Total Generator loss": 1.1248148679733276, "Train/Adversarial loss A": 0.0, "Train/Adversarial loss B": 0.9838927388191223, "Train/Cycle consistency loss A": 0.11374738812446594, "Train/Cycle consistency loss B": 0.027174722403287888, "Train/Supervised loss A": 0, "Train/Supervised loss B": 0, "Learning rate": 0.00018800000000000004, "_timestamp": 1689770550.617868, "_runtime": 11384.481227874756, "_step": 126, "Test/Generator loss": 1.062696933746338, "Test/Discriminator loss": 0.10001541674137115, "Test/L1 loss between real signal A and fake signals A": 32.711402893066406, "Test/L1 loss between real signal B and fake signals B": 1.004791259765625, "Test/Discriminator A loss": 0.10000000149011612, "Test/Discriminator B loss": 1.5418654584209435e-05, "Test/Adversarial or GAN loss A": 0.0, "Test/Adversarial or GAN loss B": 0.9753198027610779, "Test/Cycle consistency loss A": 0.039110057055950165, "Test/Cycle consistency loss B": 0.04826702922582626, "Test/Supervised loss A": 0, "Test/Supervised loss B": 0, "Test/Epoch": 105, "_wandb": {"runtime": 11408}}