{"Train/Discriminator A loss": 0.05423698574304581, "Train/Discriminator B loss": 0.08038285374641418, "Train/Total Discriminator loss": 0.0673099160194397, "Train/Total Generator loss": 2.0328011512756348, "Train/Adversarial loss A": 0.8618266582489014, "Train/Adversarial loss B": 0.8690347671508789, "Train/Cycle consistency loss A": 0.18226991593837738, "Train/Cycle consistency loss B": 0.11966974288225174, "Train/Supervised loss A": 0, "Train/Supervised loss B": 0, "_timestamp": 1686470797.9554765, "_runtime": 1239.0266954898834, "_step": 101, "Test/Generator loss": 2.158205986022949, "Test/Discriminator loss": 0.09956017136573792, "Test/L1 loss between real signal A and fake signals A": 4.757708549499512, "Test/L1 loss between real signal B and fake signals B": 1.5773917436599731, "Test/Discriminator A loss": 0.09268239885568619, "Test/Discriminator B loss": 0.10643795132637024, "Test/Adversarial or GAN loss A": 0.7928956151008606, "Test/Adversarial or GAN loss B": 0.8925729393959045, "Test/Cycle consistency loss A": 0.2504051625728607, "Test/Cycle consistency loss B": 0.2223321497440338, "Test/Supervised loss A": 0, "Test/Supervised loss B": 0, "Test/Epoch": 100}