{"Train/Discriminator A loss": 0.22177250683307648, "Train/Discriminator B loss": 0.23144584894180298, "Train/Total Discriminator loss": 0.22660917043685913, "Train/Total Generator loss": 0.894175112247467, "Train/Adversarial loss A": 0.2523720860481262, "Train/Adversarial loss B": 0.24475137889385223, "Train/Cycle consistency loss A": 0.12454863637685776, "Train/Cycle consistency loss B": 0.27250298857688904, "Train/Supervised loss A": 0, "Train/Supervised loss B": 0, "Learning rate": 0.001, "_timestamp": 1688114714.4946852, "_runtime": 654.1649601459503, "_step": 5, "Test/Generator loss": 1.0287535190582275, "Test/Discriminator loss": 0.24576272070407867, "Test/L1 loss between real signal A and fake signals A": 0.6498491764068604, "Test/L1 loss between real signal B and fake signals B": 0.7324491143226624, "Test/Discriminator A loss": 0.2481437623500824, "Test/Discriminator B loss": 0.24338167905807495, "Test/Adversarial or GAN loss A": 0.24238669872283936, "Test/Adversarial or GAN loss B": 0.24743372201919556, "Test/Cycle consistency loss A": 0.22276724874973297, "Test/Cycle consistency loss B": 0.3161659240722656, "Test/Supervised loss A": 0, "Test/Supervised loss B": 0, "Test/Epoch": 5}