{"Train/Discriminator source loss": 1.144526686402969e-05, "Train/Discriminator target loss": 2.728441722865682e-05, "Train/Total Discriminator loss": 3.872968227369711e-05, "Train/Total Generator loss": 2.220369338989258, "Train/Adversarial loss source": 0.9789530634880066, "Train/Adversarial loss target": 0.9769049882888794, "Train/Cycle consistency loss source": 0.15783721208572388, "Train/Cycle consistency loss target": 0.10667424649000168, "Train/Supervised loss source": 0, "Train/Supervised loss target": 0, "Learning rate": 0.0, "_timestamp": 1690749415.377051, "_runtime": 117277.98406219482, "_step": 219, "Test/Generator loss": 2.3316335678100586, "Test/Discriminator loss": 1.0917475492533413e-06, "Test/L1 loss between real signal A and fake signals A": 0.8209614753723145, "Test/L1 loss between real signal B and fake signals B": 1.8448443412780762, "Test/Discriminator A loss": 1.0912909829130513e-06, "Test/Discriminator B loss": 4.565379740917308e-10, "Test/Adversarial or GAN loss A": 0.9952894449234009, "Test/Adversarial or GAN loss B": 0.9999017715454102, "Test/Cycle consistency loss A": 0.14408119022846222, "Test/Cycle consistency loss B": 0.19236110150814056, "Test/Supervised loss A": 0, "Test/Supervised loss B": 0, "Test/Epoch": 200}