{"Train/Discriminator A loss": 3.4838143550072504e-38, "Train/Discriminator B loss": 3.6515057217911817e-06, "Train/Total Discriminator loss": 3.6515057217911817e-06, "Train/Total Generator loss": 2.7978813648223877, "Train/Adversarial loss A": 1.0, "Train/Adversarial loss B": 0.9956744313240051, "Train/Cycle consistency loss A": 0.025712359696626663, "Train/Cycle consistency loss B": 0.05450834333896637, "Train/Supervised loss A": 0, "Train/Supervised loss B": 0, "Learning rate": 0.0, "_timestamp": 1688286407.005142, "_runtime": 50098.39861702919, "_step": 239, "Test/Generator loss": 2.7710514068603516, "Test/Discriminator loss": 2.7816283818538068e-06, "Test/L1 loss between real signal A and fake signals A": 8.396100044250488, "Test/L1 loss between real signal B and fake signals B": 2.3163609504699707, "Test/Discriminator A loss": 1.260748228353038e-40, "Test/Discriminator B loss": 2.7816283818538068e-06, "Test/Adversarial or GAN loss A": 1.0, "Test/Adversarial or GAN loss B": 0.9959270358085632, "Test/Cycle consistency loss A": 0.03058747947216034, "Test/Cycle consistency loss B": 0.04692496359348297, "Test/Supervised loss A": 0, "Test/Supervised loss B": 0, "Test/Epoch": 200, "_wandb": {"runtime": 51017}}