{"Train/Discriminator A loss": 0.229688823223114, "Train/Discriminator B loss": 0.24593770503997803, "Train/Total Discriminator loss": 0.23781326413154602, "Train/Total Generator loss": 6.85651969909668, "Train/Adversarial loss A": 0.24527132511138916, "Train/Adversarial loss B": 0.21660709381103516, "Train/Cycle consistency loss A": 1.1983773708343506, "Train/Cycle consistency loss B": 1.039358139038086, "Train/Supervised loss A": 0, "Train/Supervised loss B": 0, "Learning rate": 0.0002, "_timestamp": 1688464625.6167076, "_runtime": 131.73928356170654, "_step": 0}