{"Train/Discriminator A loss": 0.0021463120356202126, "Train/Discriminator B loss": 0.014026557095348835, "Train/Total Discriminator loss": 0.016172869130969048, "Train/Total Generator loss": 1.5015515089035034, "Train/Adversarial loss A": 0.6292205452919006, "Train/Adversarial loss B": 0.7546998262405396, "Train/Cycle consistency loss A": 0.036222923547029495, "Train/Cycle consistency loss B": 0.08140820264816284, "Train/Supervised loss A": 0, "Train/Supervised loss B": 0, "Learning rate": 0.00017400000000000008, "_timestamp": 1690014097.8226743, "_runtime": 8177.034897327423, "_step": 134, "Test/Generator loss": 1.0362803936004639, "Test/Discriminator loss": 0.05037388950586319, "Test/L1 loss between real signal A and fake signals A": 0.7318993806838989, "Test/L1 loss between real signal B and fake signals B": 1.5620555877685547, "Test/Discriminator A loss": 0.05000000074505806, "Test/Discriminator B loss": 0.0003738869563676417, "Test/Adversarial or GAN loss A": 0.0, "Test/Adversarial or GAN loss B": 0.8345298767089844, "Test/Cycle consistency loss A": 0.054584283381700516, "Test/Cycle consistency loss B": 0.14716622233390808, "Test/Supervised loss A": 0, "Test/Supervised loss B": 0, "Test/Epoch": 110, "_wandb": {"runtime": 8224}}