{"Train/Discriminator A loss": 2.4699121599965762e-14, "Train/Discriminator B loss": 5.4281862406511134e-18, "Train/Total Discriminator loss": 2.4704549387091768e-14, "Train/Total Generator loss": 2.0204076766967773, "Train/Adversarial loss A": 0.9999997019767761, "Train/Adversarial loss B": 1.0, "Train/Cycle consistency loss A": 0.007216205354779959, "Train/Cycle consistency loss B": 0.01319162268191576, "Train/Supervised loss A": 0, "Train/Supervised loss B": 0, "Learning rate": 0.0, "_timestamp": 1688670035.8685987, "_runtime": 22346.81829881668, "_step": 239, "Test/Generator loss": 2.020047903060913, "Test/Discriminator loss": 1.7801447707403717e-15, "Test/L1 loss between real signal A and fake signals A": 1.5279126167297363, "Test/L1 loss between real signal B and fake signals B": 3.969191789627075, "Test/Discriminator A loss": 1.4837580957380802e-15, "Test/Discriminator B loss": 2.9638675441163032e-16, "Test/Adversarial or GAN loss A": 1.0, "Test/Adversarial or GAN loss B": 1.0, "Test/Cycle consistency loss A": 0.010565897449851036, "Test/Cycle consistency loss B": 0.009482106193900108, "Test/Supervised loss A": 0, "Test/Supervised loss B": 0, "Test/Epoch": 200, "_wandb": {"runtime": 39083}}