{"Train/Discriminator source loss": 1.340894141321769e-05, "Train/Discriminator target loss": 3.0990548793852213e-07, "Train/Total Discriminator loss": 1.3718847185373306e-05, "Train/Total Generator loss": 3.599607229232788, "Train/Adversarial loss source": 0.9679961800575256, "Train/Adversarial loss target": 0.9954572916030884, "Train/Cycle consistency loss source": 0.8717599511146545, "Train/Cycle consistency loss target": 0.7643937468528748, "Train/Supervised loss source": 0, "Train/Supervised loss target": 0, "Learning rate": 0.0002, "_timestamp": 1689323842.7630153, "_runtime": 907.5440292358398, "_step": 2, "Test/Generator loss": 2.5498545169830322, "Test/Discriminator loss": 0.04998968914151192, "Test/L1 loss between real signal A and fake signals A": 1.113253116607666, "Test/L1 loss between real signal B and fake signals B": 0.9363216161727905, "Test/Discriminator A loss": 0.02496681921184063, "Test/Discriminator B loss": 0.025022869929671288, "Test/Adversarial or GAN loss A": 0.24869926273822784, "Test/Adversarial or GAN loss B": 0.2501753568649292, "Test/Cycle consistency loss A": 1.113447904586792, "Test/Cycle consistency loss B": 0.9375318884849548, "Test/Supervised loss A": 0, "Test/Supervised loss B": 0, "Test/Epoch": 1, "_wandb": {"runtime": 927}}