{"Train/Discriminator A loss": 3.8004236557753757e-06, "Train/Discriminator B loss": 0.0, "Train/Total Discriminator loss": 7.600847311550751e-07, "Train/Total Generator loss": 2.081352949142456, "Train/Adversarial loss A": 0.9979125261306763, "Train/Adversarial loss B": 1.0, "Train/Cycle consistency loss A": 0.01631968840956688, "Train/Cycle consistency loss B": 0.06712062656879425, "Train/Supervised loss A": 0, "Train/Supervised loss B": 0, "Learning rate": 0.0, "_timestamp": 1688491599.3820958, "_runtime": 19493.286624908447, "_step": 239, "Test/Generator loss": 2.16731595993042, "Test/Discriminator loss": 4.653194096704283e-08, "Test/L1 loss between real signal A and fake signals A": 0.9313294887542725, "Test/L1 loss between real signal B and fake signals B": 7.267455577850342, "Test/Discriminator A loss": 2.3265970128250046e-07, "Test/Discriminator B loss": 0.0, "Test/Adversarial or GAN loss A": 0.9991682767868042, "Test/Adversarial or GAN loss B": 1.0, "Test/Cycle consistency loss A": 0.05686986446380615, "Test/Cycle consistency loss B": 0.11127787083387375, "Test/Supervised loss A": 0, "Test/Supervised loss B": 0, "Test/Epoch": 200, "_wandb": {"runtime": 19498}}