{"Train/Discriminator A loss": 7.191724635984266e-17, "Train/Discriminator B loss": 6.5867693244126e-11, "Train/Total Discriminator loss": 6.586776263306504e-11, "Train/Total Generator loss": 2.0548722743988037, "Train/Adversarial loss A": 1.0, "Train/Adversarial loss B": 0.999969482421875, "Train/Cycle consistency loss A": 0.014955494552850723, "Train/Cycle consistency loss B": 0.03994741290807724, "Train/Supervised loss A": 0, "Train/Supervised loss B": 0, "Learning rate": 0.0, "_timestamp": 1690416917.337259, "_runtime": 23920.468506097794, "_step": 207, "Test/Generator loss": 2.0530850887298584, "Test/Discriminator loss": 1.8643034338516884e-10, "Test/L1 loss between real signal A and fake signals A": 2.0919387340545654, "Test/L1 loss between real signal B and fake signals B": 1.9268364906311035, "Test/Discriminator A loss": 1.3665747678436035e-13, "Test/Discriminator B loss": 1.862936888086253e-10, "Test/Adversarial or GAN loss A": 0.9999985098838806, "Test/Adversarial or GAN loss B": 0.999915599822998, "Test/Cycle consistency loss A": 0.009503932669758797, "Test/Cycle consistency loss B": 0.043667085468769073, "Test/Supervised loss A": 0, "Test/Supervised loss B": 0, "Test/Epoch": 200}