{"Train/Discriminator A loss": 0.0, "Train/Discriminator B loss": 3.5046018170836746e-11, "Train/Total Discriminator loss": 1.7523009085418373e-11, "Train/Total Generator loss": 2.282465934753418, "Train/Adversarial loss A": 1.0, "Train/Adversarial loss B": 1.0, "Train/Cycle consistency loss A": 0.10294167697429657, "Train/Cycle consistency loss B": 0.17952416837215424, "Train/Supervised loss A": 0, "Train/Supervised loss B": 0, "Learning rate": 0.01, "_timestamp": 1687268980.5409424, "_runtime": 490.32056641578674, "_step": 7, "Test/Generator loss": 2.2620761394500732, "Test/Discriminator loss": 2.1174178729821413e-11, "Test/L1 loss between real signal A and fake signals A": 6.454855442047119, "Test/L1 loss between real signal B and fake signals B": 30.21031951904297, "Test/Discriminator A loss": 0.0, "Test/Discriminator B loss": 4.234835745964283e-11, "Test/Adversarial or GAN loss A": 1.0, "Test/Adversarial or GAN loss B": 1.0, "Test/Cycle consistency loss A": 0.14133359491825104, "Test/Cycle consistency loss B": 0.12074260413646698, "Test/Supervised loss A": 0, "Test/Supervised loss B": 0, "Test/Epoch": 4, "_wandb": {"runtime": 524}}