{"Train/Discriminator A loss": 0.5, "Train/Discriminator B loss": 1.613360330596415e-16, "Train/Total Discriminator loss": 0.25, "Train/Total Generator loss": 1.025341510772705, "Train/Adversarial loss A": 0.0, "Train/Adversarial loss B": 1.0, "Train/Cycle consistency loss A": 0.005834399256855249, "Train/Cycle consistency loss B": 0.019507143646478653, "Train/Supervised loss A": 0, "Train/Supervised loss B": 0, "Learning rate": 0.001, "_timestamp": 1687211631.2349842, "_runtime": 980.3254501819611, "_step": 19, "Test/Generator loss": 1.0249792337417603, "Test/Discriminator loss": 0.2500234842300415, "Test/L1 loss between real signal A and fake signals A": 0.9559676647186279, "Test/L1 loss between real signal B and fake signals B": 6.790122032165527, "Test/Discriminator A loss": 0.5, "Test/Discriminator B loss": 4.697162512456998e-05, "Test/Adversarial or GAN loss A": 0.0, "Test/Adversarial or GAN loss B": 1.0, "Test/Cycle consistency loss A": 0.006625729613006115, "Test/Cycle consistency loss B": 0.01835346780717373, "Test/Supervised loss A": 0, "Test/Supervised loss B": 0, "Test/Epoch": 10, "_wandb": {"runtime": 977}}