{"Train/Discriminator A loss": 0.23117518424987793, "Train/Discriminator B loss": 0.24235284328460693, "Train/Total Discriminator loss": 0.23676401376724243, "Train/Total Generator loss": 3.399761438369751, "Train/Adversarial loss A": 0.2534966468811035, "Train/Adversarial loss B": 0.25310373306274414, "Train/Cycle consistency loss A": 1.4154040813446045, "Train/Cycle consistency loss B": 1.4777569770812988, "Train/Supervised loss A": 0, "Train/Supervised loss B": 0, "Learning rate": 0.01, "_timestamp": 1687166336.1802473, "_runtime": 127.86587119102478, "_step": 1, "Test/Generator loss": 1.3750197887420654, "Test/Discriminator loss": 0.26069962978363037, "Test/L1 loss between real signal A and fake signals A": 0.40534693002700806, "Test/L1 loss between real signal B and fake signals B": 0.40869051218032837, "Test/Discriminator A loss": 0.27410098910331726, "Test/Discriminator B loss": 0.2472982406616211, "Test/Adversarial or GAN loss A": 0.2688853442668915, "Test/Adversarial or GAN loss B": 0.258584201335907, "Test/Cycle consistency loss A": 0.5223151445388794, "Test/Cycle consistency loss B": 0.3252350687980652, "Test/Supervised loss A": 0, "Test/Supervised loss B": 0, "Test/Epoch": 1}