{"Train/Discriminator A loss": 0.24132201075553894, "Train/Discriminator B loss": 0.2540597915649414, "Train/Total Discriminator loss": 0.24769090116024017, "Train/Total Generator loss": 12.470706939697266, "Train/Adversarial loss A": 0.2210635244846344, "Train/Adversarial loss B": 0.19765397906303406, "Train/Cycle consistency loss A": 1.1713030338287354, "Train/Cycle consistency loss B": 0.9041208028793335, "Train/Supervised loss A": 0, "Train/Supervised loss B": 0, "Learning rate": 0.0001, "_timestamp": 1686558361.706574, "_runtime": 154.82431387901306, "_step": 1, "_wandb": {"runtime": 57}}