{"Train/Discriminator source loss": 8.937549296206271e-07, "Train/Discriminator target loss": 3.7223247772999457e-07, "Train/Total Discriminator loss": 1.2659874073506217e-06, "Train/Total Generator loss": 2.293680191040039, "Train/Adversarial loss source": 0.9957281351089478, "Train/Adversarial loss target": 0.9968302845954895, "Train/Cycle consistency loss source": 0.06122317165136337, "Train/Cycle consistency loss target": 0.2398984581232071, "Train/Supervised loss source": 0, "Train/Supervised loss target": 0, "Learning rate": 0.0, "_timestamp": 1691005788.197984, "_runtime": 125119.22838687897, "_step": 219, "Test/Generator loss": 2.203831911087036, "Test/Discriminator loss": 3.9699416447547264e-06, "Test/L1 loss between real signal A and fake signals A": 1.336840033531189, "Test/L1 loss between real signal B and fake signals B": 1.6981887817382812, "Test/Discriminator A loss": 1.098237945029723e-07, "Test/Discriminator B loss": 3.860117885778891e-06, "Test/Adversarial or GAN loss A": 0.998396098613739, "Test/Adversarial or GAN loss B": 0.9908227920532227, "Test/Cycle consistency loss A": 0.06217639148235321, "Test/Cycle consistency loss B": 0.15243656933307648, "Test/Supervised loss A": 0, "Test/Supervised loss B": 0, "Test/Epoch": 200}