{"Train/Discriminator A loss": 0.030262324959039688, "Train/Discriminator B loss": 0.027789544314146042, "Train/Total Discriminator loss": 0.029025934636592865, "Train/Total Generator loss": 1.8910515308380127, "Train/Adversarial loss A": 0.7896597981452942, "Train/Adversarial loss B": 0.884172260761261, "Train/Cycle consistency loss A": 0.1645704209804535, "Train/Cycle consistency loss B": 0.05264899134635925, "Train/Supervised loss A": 0, "Train/Supervised loss B": 0, "_timestamp": 1686477420.173052, "_runtime": 2215.2385861873627, "_step": 203, "Test/Generator loss": 1.9154503345489502, "Test/Discriminator loss": 0.03048884868621826, "Test/L1 loss between real signal A and fake signals A": 1.9076197147369385, "Test/L1 loss between real signal B and fake signals B": 7.015912055969238, "Test/Discriminator A loss": 0.033066727221012115, "Test/Discriminator B loss": 0.027910972014069557, "Test/Adversarial or GAN loss A": 0.6987692713737488, "Test/Adversarial or GAN loss B": 0.9305530786514282, "Test/Cycle consistency loss A": 0.2365489900112152, "Test/Cycle consistency loss B": 0.049578990787267685, "Test/Supervised loss A": 0, "Test/Supervised loss B": 0, "Test/Epoch": 200, "_wandb": {"runtime": 2216}}