{"Train/Discriminator source loss": 0.18205557763576508, "Train/Discriminator target loss": 0.17575331032276154, "Train/Total Discriminator loss": 0.1789044439792633, "Train/Total Generator loss": 2.0481696128845215, "Train/Adversarial loss source": 0.25813210010528564, "Train/Adversarial loss target": 0.25809749960899353, "Train/Cycle consistency loss source": 0.7495303153991699, "Train/Cycle consistency loss target": 0.7824097871780396, "Train/Supervised loss source": 0, "Train/Supervised loss target": 0, "Learning rate": 0.01, "_timestamp": 1687433852.5663311, "_runtime": 633.0669572353363, "_step": 1}