{"Train/Discriminator A loss": 0.00807759165763855, "Train/Discriminator B loss": 0.0088202441111207, "Train/Total Discriminator loss": 0.008448917418718338, "Train/Total Generator loss": 2.0662827491760254, "Train/Adversarial loss A": 0.9628502726554871, "Train/Adversarial loss B": 0.9814845323562622, "Train/Cycle consistency loss A": 0.09021345525979996, "Train/Cycle consistency loss B": 0.03173446282744408, "Train/Supervised loss A": 0, "Train/Supervised loss B": 0, "_timestamp": 1686474564.9424095, "_runtime": 3363.6595854759216, "_step": 305, "Test/Generator loss": 2.107074022293091, "Test/Discriminator loss": 0.015414712019264698, "Test/L1 loss between real signal A and fake signals A": 1.3847726583480835, "Test/L1 loss between real signal B and fake signals B": 3.8937249183654785, "Test/Discriminator A loss": 0.014090146869421005, "Test/Discriminator B loss": 0.01673927716910839, "Test/Adversarial or GAN loss A": 0.9542272686958313, "Test/Adversarial or GAN loss B": 0.9773032069206238, "Test/Cycle consistency loss A": 0.14880993962287903, "Test/Cycle consistency loss B": 0.026733705773949623, "Test/Supervised loss A": 0, "Test/Supervised loss B": 0, "Test/Epoch": 300, "_wandb": {"runtime": 3373}}