{"Train/Discriminator source loss": 4.7227808863681275e-06, "Train/Discriminator target loss": 6.690858284086332e-11, "Train/Total Discriminator loss": 4.722847734228708e-06, "Train/Total Generator loss": 3.709651470184326, "Train/Adversarial loss source": 0.9824608564376831, "Train/Adversarial loss target": 0.9999268651008606, "Train/Cycle consistency loss source": 0.9260143041610718, "Train/Cycle consistency loss target": 0.8012493848800659, "Train/Supervised loss source": 0, "Train/Supervised loss target": 0, "Learning rate": 0.0, "_timestamp": 1689228602.826427, "_runtime": 59124.270631074905, "_step": 219, "Test/Generator loss": 4.008111000061035, "Test/Discriminator loss": 3.1557649826652323e-09, "Test/L1 loss between real signal A and fake signals A": 1.0837547779083252, "Test/L1 loss between real signal B and fake signals B": 0.9216016530990601, "Test/Discriminator A loss": 3.0888565039077776e-09, "Test/Discriminator B loss": 6.690858284086332e-11, "Test/Adversarial or GAN loss A": 0.9995696544647217, "Test/Adversarial or GAN loss B": 0.9999268651008606, "Test/Cycle consistency loss A": 1.0870130062103271, "Test/Cycle consistency loss B": 0.9216016530990601, "Test/Supervised loss A": 0, "Test/Supervised loss B": 0, "Test/Epoch": 200}