{"Train/Discriminator A loss": 3.7869074542840053e-10, "Train/Discriminator B loss": 0.5, "Train/Total Discriminator loss": 0.25, "Train/Total Generator loss": 3.4971578121185303, "Train/Adversarial loss A": 0.9999449849128723, "Train/Adversarial loss B": 0.0, "Train/Cycle consistency loss A": 1.7411918640136719, "Train/Cycle consistency loss B": 0.7560210227966309, "Train/Supervised loss A": 0, "Train/Supervised loss B": 0, "Learning rate": 0.001, "_timestamp": 1686741333.5846918, "_runtime": 6305.441025733948, "_step": 13, "Test/Generator loss": 2.924997568130493, "Test/Discriminator loss": 0.25, "Test/L1 loss between real signal A and fake signals A": 0.8620047569274902, "Test/L1 loss between real signal B and fake signals B": 1.0630468130111694, "Test/Discriminator A loss": 3.787551661194044e-10, "Test/Discriminator B loss": 0.5, "Test/Adversarial or GAN loss A": 0.9999449849128723, "Test/Adversarial or GAN loss B": 0.0, "Test/Cycle consistency loss A": 0.8620058298110962, "Test/Cycle consistency loss B": 1.0630466938018799, "Test/Supervised loss A": 0, "Test/Supervised loss B": 0, "Test/Epoch": 7}