{"Train/Discriminator A loss": 0.20607802271842957, "Train/Discriminator B loss": 0.20984086394309998, "Train/Total Discriminator loss": 0.41591888666152954, "Train/Total Generator loss": 18.201396942138672, "Train/Adversarial loss A": 0.25024476647377014, "Train/Adversarial loss B": 0.247421532869339, "Train/Cycle consistency loss A": 0.9018542170524597, "Train/Cycle consistency loss B": 0.8685189485549927, "Train/Supervised loss A": 0, "Train/Supervised loss B": 0, "Learning rate": 0.01, "_timestamp": 1688236060.2287905, "_runtime": 10.392425537109375, "_step": 1, "_wandb": {"runtime": 12}}