{"Train/Discriminator A loss": 0.1929405927658081, "Train/Discriminator B loss": 0.18558692932128906, "Train/Total Discriminator loss": 0.18926376104354858, "Train/Total Generator loss": 2.3202242851257324, "Train/Adversarial loss A": 0.255624383687973, "Train/Adversarial loss B": 0.25436824560165405, "Train/Cycle consistency loss A": 0.8797804117202759, "Train/Cycle consistency loss B": 0.9304512739181519, "Train/Supervised loss A": 0, "Train/Supervised loss B": 0, "Learning rate": 0.01, "_timestamp": 1687422906.413998, "_runtime": 310.30952882766724, "_step": 1, "Test/Generator loss": 2.1799063682556152, "Test/Discriminator loss": 0.263528048992157, "Test/L1 loss between real signal A and fake signals A": 0.8874737024307251, "Test/L1 loss between real signal B and fake signals B": 0.8253831267356873, "Test/Discriminator A loss": 0.2713482975959778, "Test/Discriminator B loss": 0.2557077705860138, "Test/Adversarial or GAN loss A": 0.21672770380973816, "Test/Adversarial or GAN loss B": 0.2506336569786072, "Test/Cycle consistency loss A": 0.8874661326408386, "Test/Cycle consistency loss B": 0.8250789046287537, "Test/Supervised loss A": 0, "Test/Supervised loss B": 0, "Test/Epoch": 1, "_wandb": {"runtime": 342}}