{"Train/Discriminator source loss": 2.420810290004738e-07, "Train/Discriminator target loss": 6.069628886529622e-28, "Train/Total Discriminator loss": 1.210405145002369e-07, "Train/Total Generator loss": 2.1509201526641846, "Train/Adversarial loss source": 0.9989256858825684, "Train/Adversarial loss target": 1.0, "Train/Cycle consistency loss source": 0.09752040356397629, "Train/Cycle consistency loss target": 0.05447397381067276, "Train/Supervised loss source": 0, "Train/Supervised loss target": 0, "Learning rate": 0.01, "_timestamp": 1687885338.1419096, "_runtime": 710.221141576767, "_step": 3, "Test/Generator loss": 2.2165334224700928, "Test/Discriminator loss": 1.5939480135784834e-07, "Test/Discriminator A loss": 3.187896027156967e-07, "Test/Discriminator B loss": 1.722933268981927e-27, "Test/Adversarial or GAN loss A": 0.9988033175468445, "Test/Adversarial or GAN loss B": 1.0, "Test/Cycle consistency loss A": 0.14571069180965424, "Test/Cycle consistency loss B": 0.07201936841011047, "Test/Supervised loss A": 0, "Test/Supervised loss B": 0, "Test/Epoch": 2, "_wandb": {"runtime": 729}}