{"Train/Discriminator source loss": 0.25019294023513794, "Train/Discriminator target loss": 0.23359787464141846, "Train/Total Discriminator loss": 0.2418954074382782, "Train/Total Generator loss": 0.9833394289016724, "Train/Adversarial loss source": 0.2509477734565735, "Train/Adversarial loss target": 0.2967054545879364, "Train/Cycle consistency loss source": 0.25090184807777405, "Train/Cycle consistency loss target": 0.18478436768054962, "Train/Supervised loss source": 0, "Train/Supervised loss target": 0, "Learning rate": 0.01, "_timestamp": 1687436421.0979247, "_runtime": 1279.0053277015686, "_step": 11, "Test/Generator loss": 0.9090192317962646, "Test/Discriminator loss": 0.2431345134973526, "Test/L1 loss between real signal A and fake signals A": 0.8286609649658203, "Test/L1 loss between real signal B and fake signals B": 0.9933580756187439, "Test/Discriminator A loss": 0.23817650973796844, "Test/Discriminator B loss": 0.24809251725673676, "Test/Adversarial or GAN loss A": 0.2770312428474426, "Test/Adversarial or GAN loss B": 0.2573511004447937, "Test/Cycle consistency loss A": 0.13767951726913452, "Test/Cycle consistency loss B": 0.2369573712348938, "Test/Supervised loss A": 0, "Test/Supervised loss B": 0, "Test/Epoch": 10, "_wandb": {"runtime": 1700}}