{"Train/Discriminator source loss": 0.5, "Train/Discriminator target loss": 0.25000566244125366, "Train/Total Discriminator loss": 0.37500283122062683, "Train/Total Generator loss": 1.3363984823226929, "Train/Adversarial loss source": 1.0, "Train/Adversarial loss target": 0.253143846988678, "Train/Cycle consistency loss source": 0.037661612033843994, "Train/Cycle consistency loss target": 0.045593101531267166, "Train/Supervised loss source": 0, "Train/Supervised loss target": 0, "Learning rate": 0.01, "_timestamp": 1687424719.6430902, "_runtime": 389.188853263855, "_step": 3, "Test/Generator loss": 1.3640947341918945, "Test/Discriminator loss": 0.37500596046447754, "Test/L1 loss between real signal A and fake signals A": 1.1571578979492188, "Test/L1 loss between real signal B and fake signals B": 1.752746820449829, "Test/Discriminator A loss": 0.5, "Test/Discriminator B loss": 0.25001195073127747, "Test/Adversarial or GAN loss A": 0.9999997615814209, "Test/Adversarial or GAN loss B": 0.2531387209892273, "Test/Cycle consistency loss A": 0.041819505393505096, "Test/Cycle consistency loss B": 0.06913668662309647, "Test/Supervised loss A": 0, "Test/Supervised loss B": 0, "Test/Epoch": 2}