{"Train/Discriminator A loss": 1.0297508197254501e-06, "Train/Discriminator B loss": 0.0, "Train/Total Discriminator loss": 5.148754098627251e-07, "Train/Total Generator loss": 20.09717559814453, "Train/Adversarial loss A": 0.9987273216247559, "Train/Adversarial loss B": 1.0, "Train/Cycle consistency loss A": 0.018861567601561546, "Train/Cycle consistency loss B": 0.09103978425264359, "Train/Supervised loss A": 0, "Train/Supervised loss B": 0, "Learning rate": 0.0, "_timestamp": 1688422183.064801, "_runtime": 23423.882767915726, "_step": 239, "Test/Generator loss": 20.123249053955078, "Test/Discriminator loss": 1.5973901312804628e-08, "Test/L1 loss between real signal A and fake signals A": 0.8261069655418396, "Test/L1 loss between real signal B and fake signals B": 6.742269515991211, "Test/Discriminator A loss": 3.1947802625609256e-08, "Test/Discriminator B loss": 0.0, "Test/Adversarial or GAN loss A": 0.9996244311332703, "Test/Adversarial or GAN loss B": 1.0, "Test/Cycle consistency loss A": 0.03240269422531128, "Test/Cycle consistency loss B": 0.09460267424583435, "Test/Supervised loss A": 0, "Test/Supervised loss B": 0, "Test/Epoch": 200}