{"Train/Discriminator A loss": 0.17523790895938873, "Train/Discriminator B loss": 0.17598187923431396, "Train/Total Discriminator loss": 0.17560988664627075, "Train/Total Generator loss": 11.392623901367188, "Train/Adversarial loss A": 0.2283145636320114, "Train/Adversarial loss B": 0.23868627846240997, "Train/Cycle consistency loss A": 0.9834714531898499, "Train/Cycle consistency loss B": 0.8280525207519531, "Train/Supervised loss A": 0, "Train/Supervised loss B": 0, "Learning rate": 0.01, "_timestamp": 1686567965.2701416, "_runtime": 42.29917764663696, "_step": 2, "Test/Generator loss": 11.854408264160156, "Test/Discriminator loss": 0.24733766913414001, "Test/L1 loss between real signal A and fake signals A": 1.0451465845108032, "Test/L1 loss between real signal B and fake signals B": 0.8475317358970642, "Test/Discriminator A loss": 0.25092530250549316, "Test/Discriminator B loss": 0.24375005066394806, "Test/Adversarial or GAN loss A": 0.24056246876716614, "Test/Adversarial or GAN loss B": 0.24578432738780975, "Test/Cycle consistency loss A": 1.0253432989120483, "Test/Cycle consistency loss B": 0.8591914772987366, "Test/Supervised loss A": 0, "Test/Supervised loss B": 0, "Test/Epoch": 1}