{"Train/Discriminator A loss": 0.00018980776076205075, "Train/Discriminator B loss": 4.3980391637887806e-05, "Train/Total Discriminator loss": 0.00011689407983794808, "Train/Total Generator loss": 1.9836089611053467, "Train/Adversarial loss A": 0.96871018409729, "Train/Adversarial loss B": 0.9918495416641235, "Train/Cycle consistency loss A": 0.007040234282612801, "Train/Cycle consistency loss B": 0.016009053215384483, "Train/Supervised loss A": 0, "Train/Supervised loss B": 0, "Learning rate": 0.001, "_timestamp": 1687531795.8457048, "_runtime": 2399.595474720001, "_step": 6, "Test/Generator loss": 0.6139713525772095, "Test/Discriminator loss": 0.24894742667675018, "Test/L1 loss between real signal A and fake signals A": 0.9427139163017273, "Test/L1 loss between real signal B and fake signals B": 1.0862908363342285, "Test/Discriminator A loss": 0.2491464614868164, "Test/Discriminator B loss": 0.24874839186668396, "Test/Adversarial or GAN loss A": 0.25322088599205017, "Test/Adversarial or GAN loss B": 0.254089891910553, "Test/Cycle consistency loss A": 0.04047979414463043, "Test/Cycle consistency loss B": 0.06618081033229828, "Test/Supervised loss A": 0, "Test/Supervised loss B": 0, "Test/Epoch": 5}