{"Train/Discriminator A loss": 0.23020678758621216, "Train/Discriminator B loss": 0.23962093889713287, "Train/Total Discriminator loss": 0.23491385579109192, "Train/Total Generator loss": 3.1003003120422363, "Train/Adversarial loss A": 0.47441965341567993, "Train/Adversarial loss B": 0.45154905319213867, "Train/Cycle consistency loss A": 1.230400800704956, "Train/Cycle consistency loss B": 0.9439307451248169, "Train/Supervised loss A": 0, "Train/Supervised loss B": 0, "_timestamp": 1686474838.9778023, "_runtime": 57.55512022972107, "_step": 4}