{"Train/Discriminator A loss": 0.00028195136110298336, "Train/Discriminator B loss": 3.911201657685881e-12, "Train/Total Discriminator loss": 0.00028195136110298336, "Train/Total Generator loss": 2.0171313285827637, "Train/Adversarial loss A": 0.8654748797416687, "Train/Adversarial loss B": 0.9999865293502808, "Train/Cycle consistency loss A": 0.033136770129203796, "Train/Cycle consistency loss B": 0.11853314936161041, "Train/Supervised loss A": 0, "Train/Supervised loss B": 0, "Learning rate": 0.0, "_timestamp": 1688991075.5309887, "_runtime": 35668.83682370186, "_step": 239, "Test/Generator loss": 2.179668426513672, "Test/Discriminator loss": 3.460399057075847e-06, "Test/L1 loss between real signal A and fake signals A": 1.0278273820877075, "Test/L1 loss between real signal B and fake signals B": 1.204122543334961, "Test/Discriminator A loss": 2.834677388818818e-06, "Test/Discriminator B loss": 6.257217251004477e-07, "Test/Adversarial or GAN loss A": 0.9854682683944702, "Test/Adversarial or GAN loss B": 0.9932245016098022, "Test/Cycle consistency loss A": 0.06476455926895142, "Test/Cycle consistency loss B": 0.13621120154857635, "Test/Supervised loss A": 0, "Test/Supervised loss B": 0, "Test/Epoch": 200, "_wandb": {"runtime": 35675}}