{"Train/Discriminator A loss": 0.24703343212604523, "Train/Discriminator B loss": 0.1288100928068161, "Train/Total Discriminator loss": 0.18792176246643066, "Train/Total Generator loss": 0.7046490907669067, "Train/Adversarial loss A": 0.2959938645362854, "Train/Adversarial loss B": 0.2594490945339203, "Train/Cycle consistency loss A": 0.06039927527308464, "Train/Cycle consistency loss B": 0.0888068825006485, "Train/Supervised loss A": 0, "Train/Supervised loss B": 0, "Learning rate": 1.0000000000000002e-07, "_timestamp": 1687260707.9689596, "_runtime": 2220.89883852005, "_step": 39, "Test/Generator loss": 0.6970940828323364, "Test/Discriminator loss": 0.2033003717660904, "Test/L1 loss between real signal A and fake signals A": 1.1328527927398682, "Test/L1 loss between real signal B and fake signals B": 3.057492733001709, "Test/Discriminator A loss": 0.24741163849830627, "Test/Discriminator B loss": 0.1591891050338745, "Test/Adversarial or GAN loss A": 0.29838770627975464, "Test/Adversarial or GAN loss B": 0.27816468477249146, "Test/Cycle consistency loss A": 0.04369363561272621, "Test/Cycle consistency loss B": 0.0768480896949768, "Test/Supervised loss A": 0, "Test/Supervised loss B": 0, "Test/Epoch": 20, "_wandb": {"runtime": 2229}}