{"Train/Discriminator A loss": 3.7048567203467817e-14, "Train/Discriminator B loss": 0.5, "Train/Total Discriminator loss": 0.25, "Train/Total Generator loss": 1.3893074989318848, "Train/Adversarial loss A": 0.9999998211860657, "Train/Adversarial loss B": 0.0, "Train/Cycle consistency loss A": 0.26956385374069214, "Train/Cycle consistency loss B": 0.11974385380744934, "Train/Supervised loss A": 0, "Train/Supervised loss B": 0, "Learning rate": 0.01, "_timestamp": 1687280349.222465, "_runtime": 1344.623603105545, "_step": 7, "Test/Generator loss": 1.6166924238204956, "Test/Discriminator loss": 0.25, "Test/L1 loss between real signal A and fake signals A": 7.224730014801025, "Test/L1 loss between real signal B and fake signals B": 2.5860531330108643, "Test/Discriminator A loss": 3.2730513178230725e-12, "Test/Discriminator B loss": 0.5, "Test/Adversarial or GAN loss A": 0.9999976754188538, "Test/Adversarial or GAN loss B": 0.0, "Test/Cycle consistency loss A": 0.4296720623970032, "Test/Cycle consistency loss B": 0.18702268600463867, "Test/Supervised loss A": 0, "Test/Supervised loss B": 0, "Test/Epoch": 4, "_wandb": {"runtime": 1445}}