{"Train/Discriminator A loss": 2.7357365098333933e-14, "Train/Discriminator B loss": 5.018477011731193e-08, "Train/Total Discriminator loss": 5.018479853902136e-08, "Train/Total Generator loss": 20.0966796875, "Train/Adversarial loss A": 0.9999998211860657, "Train/Adversarial loss B": 0.9995909333229065, "Train/Cycle consistency loss A": 0.026210956275463104, "Train/Cycle consistency loss B": 0.07456202805042267, "Train/Supervised loss A": 0, "Train/Supervised loss B": 0, "Learning rate": 0.0, "_timestamp": 1688298718.30412, "_runtime": 5357.959315061569, "_step": 59, "Test/Generator loss": 18.312959671020508, "Test/Discriminator loss": 0.26079970598220825, "Test/L1 loss between real signal A and fake signals A": 2.154484748840332, "Test/L1 loss between real signal B and fake signals B": 1.8113672733306885, "Test/Discriminator A loss": 0.18875034153461456, "Test/Discriminator B loss": 0.07204935699701309, "Test/Adversarial or GAN loss A": 1.0, "Test/Adversarial or GAN loss B": 0.8048858046531677, "Test/Cycle consistency loss A": 0.2222013622522354, "Test/Cycle consistency loss B": 0.04189915955066681, "Test/Supervised loss A": 0, "Test/Supervised loss B": 0, "Test/Epoch": 50, "_wandb": {"runtime": 5714}}