{"Train/Discriminator A loss": 0.22624675929546356, "Train/Discriminator B loss": 0.22999832034111023, "Train/Total Discriminator loss": 0.2281225323677063, "Train/Total Generator loss": 18.82943344116211, "Train/Adversarial loss A": 0.5538627505302429, "Train/Adversarial loss B": 0.524871826171875, "Train/Cycle consistency loss A": 0.2199437916278839, "Train/Cycle consistency loss B": 0.21596771478652954, "Train/Supervised loss A": 1.039159893989563, "Train/Supervised loss B": 1.2120808362960815, "_timestamp": 1686234299.893401, "_runtime": 961.3683438301086, "_step": 54, "Test/Generator loss": 23.37798309326172, "Test/Discriminator loss": 0.9498365521430969, "Test/L1 loss between real signal A and fake signals A": 1.0306689739227295, "Test/L1 loss between real signal B and fake signals B": 1.0936338901519775, "Test/L1_realA_fakeB": 0.9584136009216309, "Test/L1_realB_fakeA": 0.851169764995575, "Test/Discriminator A loss": 0.5065988898277283, "Test/Discriminator B loss": 0.44323766231536865, "Test/Total Discriminator loss": 0.9498365521430969, "Test/Adversarial loss A": 0.25778910517692566, "Test/Adversarial loss B": 0.29295235872268677, "Test/Cycle consistency loss A": 0.2690083384513855, "Test/Cycle consistency loss B": 0.27579838037490845, "Test/Total Generator loss": 23.37798309326172, "Test/Epoch": 30}