{"Train/Discriminator A loss": 0.010038668289780617, "Train/Discriminator B loss": 0.2487616091966629, "Train/Total Discriminator loss": 0.1294001340866089, "Train/Total Generator loss": 4.780314922332764, "Train/Adversarial loss A": 0.9724520444869995, "Train/Adversarial loss B": 0.25559520721435547, "Train/Cycle consistency loss A": 0.7726499438285828, "Train/Cycle consistency loss B": 0.77748703956604, "_timestamp": 1686163024.9170804, "_runtime": 399.5550034046173, "_step": 48, "Test/Generator loss": 4.894262313842773, "Test/Discriminator loss": 0.5195901989936829, "Test/L1 loss between real signal A and fake signals A": 0.7764745354652405, "Test/L1 loss between real signal B and fake signals B": 0.7796149849891663, "Test/L1_realA_fakeB": 0.8092495799064636, "Test/L1_realB_fakeA": 0.7467270493507385, "Test/Discriminator A loss": 0.02606269158422947, "Test/Discriminator B loss": 0.49352753162384033, "Test/Total Discriminator loss": 0.5195901989936829, "Test/Adversarial loss A": 0.9903736114501953, "Test/Adversarial loss B": 0.2547762989997864, "Test/Cycle consistency loss A": 0.776471734046936, "Test/Cycle consistency loss B": 0.7796148061752319, "Test/Total Generator loss": 4.894262313842773, "Test/Epoch": 30, "_wandb": {"runtime": 452}}