{"Train/Discriminator A loss": 0.23326869308948517, "Train/Discriminator B loss": 0.2275504767894745, "Train/Total Discriminator loss": 0.23040959239006042, "Train/Total Generator loss": 11.518223762512207, "Train/Adversarial loss A": 0.22868289053440094, "Train/Adversarial loss B": 0.2405289113521576, "Train/Cycle consistency loss A": 1.1800566911697388, "Train/Cycle consistency loss B": 0.6543763279914856, "Train/Supervised loss A": 0, "Train/Supervised loss B": 0, "Learning rate": 0.0001, "_timestamp": 1686557880.8428552, "_runtime": 99.60490417480469, "_step": 4}