{"Train/Discriminator A loss": 0.18916282057762146, "Train/Discriminator B loss": 0.24918442964553833, "Train/Total Discriminator loss": 0.2191736251115799, "Train/Total Generator loss": 4.6108717918396, "Train/Adversarial loss A": 0.6279177665710449, "Train/Adversarial loss B": 0.2557925879955292, "Train/Cycle consistency loss A": 0.7876430153846741, "Train/Cycle consistency loss B": 0.8234095573425293, "_timestamp": 1686160503.567465, "_runtime": 83.73325610160828, "_step": 0}