{"Train/Discriminator A loss": 3.8469537685159594e-05, "Train/Discriminator B loss": 9.349115990923973e-14, "Train/Total Discriminator loss": 1.9234768842579797e-05, "Train/Total Generator loss": 2.0073399543762207, "Train/Adversarial loss A": 0.9833168983459473, "Train/Adversarial loss B": 0.9999995231628418, "Train/Cycle consistency loss A": 0.00605982169508934, "Train/Cycle consistency loss B": 0.01796378567814827, "Train/Supervised loss A": 0, "Train/Supervised loss B": 0, "Learning rate": 1e-05, "_timestamp": 1687431787.5846817, "_runtime": 6459.947906732559, "_step": 20, "Test/Generator loss": 2.03314471244812, "Test/Discriminator loss": 3.655233285826398e-06, "Test/L1 loss between real signal A and fake signals A": 1.4634408950805664, "Test/L1 loss between real signal B and fake signals B": 11.67509651184082, "Test/Discriminator A loss": 7.310466571652796e-06, "Test/Discriminator B loss": 1.5248283146004974e-16, "Test/Adversarial or GAN loss A": 0.992702841758728, "Test/Adversarial or GAN loss B": 1.0, "Test/Cycle consistency loss A": 0.02330986224114895, "Test/Cycle consistency loss B": 0.017132092267274857, "Test/Supervised loss A": 0, "Test/Supervised loss B": 0, "Test/Epoch": 15, "_wandb": {"runtime": 6656}}