{"Train/Discriminator A loss": 6.068201230391423e-08, "Train/Discriminator B loss": 7.0597577263298295e-12, "Train/Total Discriminator loss": 6.068907598688611e-09, "Train/Total Generator loss": 20.085416793823242, "Train/Adversarial loss A": 0.9997366666793823, "Train/Adversarial loss B": 0.9999958276748657, "Train/Cycle consistency loss A": 0.026164736598730087, "Train/Cycle consistency loss B": 0.06192527338862419, "Train/Supervised loss A": 0, "Train/Supervised loss B": 0, "Learning rate": 0.0, "_timestamp": 1688355029.3275568, "_runtime": 22025.255041837692, "_step": 239, "Test/Generator loss": 20.100982666015625, "Test/Discriminator loss": 4.922167816563683e-13, "Test/L1 loss between real signal A and fake signals A": 1.5076119899749756, "Test/L1 loss between real signal B and fake signals B": 3.133068561553955, "Test/Discriminator A loss": 2.5674989478224886e-12, "Test/Discriminator B loss": 2.3546685434805426e-12, "Test/Adversarial or GAN loss A": 0.9999979734420776, "Test/Adversarial or GAN loss B": 0.9999978542327881, "Test/Cycle consistency loss A": 0.04726098105311394, "Test/Cycle consistency loss B": 0.053763289004564285, "Test/Supervised loss A": 0, "Test/Supervised loss B": 0, "Test/Epoch": 200}