{"Train/Discriminator A loss": 0.24999849498271942, "Train/Discriminator B loss": 0.25001224875450134, "Train/Total Discriminator loss": 0.2500053644180298, "Train/Total Generator loss": 0.7803317904472351, "Train/Adversarial loss A": 0.25088807940483093, "Train/Adversarial loss B": 0.25134173035621643, "Train/Cycle consistency loss A": 0.04877516254782677, "Train/Cycle consistency loss B": 0.22932681441307068, "Train/Supervised loss A": 0, "Train/Supervised loss B": 0, "Learning rate": 1e-05, "_timestamp": 1687779926.3532155, "_runtime": 2772.145348548889, "_step": 11, "Test/Generator loss": 0.8759618401527405, "Test/Discriminator loss": 0.25000134110450745, "Test/L1 loss between real signal A and fake signals A": 1.2514095306396484, "Test/L1 loss between real signal B and fake signals B": 1.146444320678711, "Test/Discriminator A loss": 0.25001323223114014, "Test/Discriminator B loss": 0.24998946487903595, "Test/Adversarial or GAN loss A": 0.2508617341518402, "Test/Adversarial or GAN loss B": 0.2513790726661682, "Test/Cycle consistency loss A": 0.2040289342403412, "Test/Cycle consistency loss B": 0.16969212889671326, "Test/Supervised loss A": 0, "Test/Supervised loss B": 0, "Test/Epoch": 10}