{"Train/Discriminator source loss": 0.12499832361936569, "Train/Discriminator target loss": 0.12506085634231567, "Train/Total Discriminator loss": 0.12502959370613098, "Train/Total Generator loss": 2.1780238151550293, "Train/Adversarial loss source": 0.25000497698783875, "Train/Adversarial loss target": 0.2502124309539795, "Train/Cycle consistency loss source": 0.810265839099884, "Train/Cycle consistency loss target": 0.8675404787063599, "Train/Supervised loss source": 0, "Train/Supervised loss target": 0, "Learning rate": 1e-06, "_timestamp": 1687786346.9257216, "_runtime": 2986.8990206718445, "_step": 11, "Test/Generator loss": 1.9250760078430176, "Test/Discriminator loss": 0.1250809133052826, "Test/L1 loss between real signal A and fake signals A": 0.7068007588386536, "Test/L1 loss between real signal B and fake signals B": 0.7180573344230652, "Test/Discriminator A loss": 0.12499777972698212, "Test/Discriminator B loss": 0.12516403198242188, "Test/Adversarial or GAN loss A": 0.25000497698783875, "Test/Adversarial or GAN loss B": 0.2502124309539795, "Test/Cycle consistency loss A": 0.7068007588386536, "Test/Cycle consistency loss B": 0.7180578112602234, "Test/Supervised loss A": 0, "Test/Supervised loss B": 0, "Test/Epoch": 10, "_wandb": {"runtime": 3206}}