{"Train/Discriminator source loss": 0.020403578877449036, "Train/Discriminator target loss": 0.018801843747496605, "Train/Total Discriminator loss": 0.03920542448759079, "Train/Total Generator loss": 2.220216751098633, "Train/Adversarial loss source": 0.25, "Train/Adversarial loss target": 0.25378814339637756, "Train/Cycle consistency loss source": 0.7515636086463928, "Train/Cycle consistency loss target": 0.9648652076721191, "Train/Supervised loss source": 0, "Train/Supervised loss target": 0, "Learning rate": 0.0002, "_timestamp": 1689520285.428432, "_runtime": 1406.885488986969, "_step": 1}