{"Train/Discriminator source loss": 0.24721357226371765, "Train/Discriminator target loss": 0.21868321299552917, "Train/Total Discriminator loss": 0.2329483926296234, "Train/Total Generator loss": 1.4056341648101807, "Train/Adversarial loss source": 0.2552131116390228, "Train/Adversarial loss target": 0.2566264867782593, "Train/Cycle consistency loss source": 0.2959330379962921, "Train/Cycle consistency loss target": 0.5978614687919617, "Train/Supervised loss source": 0, "Train/Supervised loss target": 0, "Learning rate": 0.01, "_timestamp": 1687451756.5985246, "_runtime": 1417.2848525047302, "_step": 5, "Test/Generator loss": 0.8782498240470886, "Test/Discriminator loss": 0.249295175075531, "Test/L1 loss between real signal A and fake signals A": 0.8074541091918945, "Test/L1 loss between real signal B and fake signals B": 1.004987359046936, "Test/Discriminator A loss": 0.2500844895839691, "Test/Discriminator B loss": 0.2485058605670929, "Test/Adversarial or GAN loss A": 0.25087159872055054, "Test/Adversarial or GAN loss B": 0.2553999423980713, "Test/Cycle consistency loss A": 0.18155109882354736, "Test/Cycle consistency loss B": 0.19042718410491943, "Test/Supervised loss A": 0, "Test/Supervised loss B": 0, "Test/Epoch": 5}