{"Train/Discriminator A loss": 0.1786847710609436, "Train/Discriminator B loss": 0.18323621153831482, "Train/Total Discriminator loss": 0.1809604912996292, "Train/Total Generator loss": 2.4926578998565674, "Train/Adversarial loss A": 0.24328790605068207, "Train/Adversarial loss B": 0.2475832849740982, "Train/Cycle consistency loss A": 1.1243358850479126, "Train/Cycle consistency loss B": 0.877450704574585, "Train/Supervised loss A": 0, "Train/Supervised loss B": 0, "Learning rate": 0.1, "_timestamp": 1687162701.1351273, "_runtime": 17.918787240982056, "_step": 0}