{"Train/Discriminator source loss": 6.170691335682932e-07, "Train/Discriminator target loss": 2.383177921672086e-08, "Train/Total Discriminator loss": 6.409009074559435e-07, "Train/Total Generator loss": 2.2314512729644775, "Train/Adversarial loss source": 0.9961785078048706, "Train/Adversarial loss target": 0.9990463852882385, "Train/Cycle consistency loss source": 0.07628834247589111, "Train/Cycle consistency loss target": 0.1599380075931549, "Train/Supervised loss source": 0, "Train/Supervised loss target": 0, "Learning rate": 0.0, "_timestamp": 1690436724.1246686, "_runtime": 152624.3392636776, "_step": 219, "Test/Generator loss": 2.531181573867798, "Test/Discriminator loss": 1.6547924133192282e-06, "Test/L1 loss between real signal A and fake signals A": 0.9257848262786865, "Test/L1 loss between real signal B and fake signals B": 0.7231926321983337, "Test/Discriminator A loss": 1.2695011264440836e-07, "Test/Discriminator B loss": 1.5278423006748199e-06, "Test/Adversarial or GAN loss A": 0.9981223940849304, "Test/Adversarial or GAN loss B": 0.9942817091941833, "Test/Cycle consistency loss A": 0.21863973140716553, "Test/Cycle consistency loss B": 0.32013773918151855, "Test/Supervised loss A": 0, "Test/Supervised loss B": 0, "Test/Epoch": 200}