{"Train/Discriminator A loss": NaN, "Train/Discriminator B loss": 0.5012404918670654, "Train/Total Discriminator loss": NaN, "Train/Total Generator loss": NaN, "Train/Adversarial loss A": NaN, "Train/Adversarial loss B": 0.25881683826446533, "Train/Cycle consistency loss A": 1.0706145763397217, "Train/Cycle consistency loss B": NaN, "_timestamp": 1685810153.8358712, "_runtime": 404.82126212120056, "_step": 32, "Test/Generator loss": 1.9502099752426147, "Test/Discriminator loss": 2.0293588638305664, "Test/L1 loss between real signal A and fake signals A": 3.212087869644165, "Test/L1 loss between real signal B and fake signals B": 0.6695770025253296, "Test/L1_realA_fakeB": 0.8587867617607117, "Test/L1_realB_fakeA": 3.039789915084839, "Test/Discriminator A loss": 1.526745319366455, "Test/Discriminator B loss": 0.5026134252548218, "Test/Total Discriminator loss": 2.0293588638305664, "Test/Adversarial loss A": 0.20936231315135956, "Test/Adversarial loss B": 0.2585907578468323, "Test/Cycle consistency loss A": 0.8126795887947083, "Test/Cycle consistency loss B": 0.6695773005485535, "Test/Total Generator loss": 1.9502099752426147, "Test/Epoch": 10}