{"Train/Discriminator A loss": 0.1999155730009079, "Train/Discriminator B loss": 0.22847652435302734, "Train/Total Discriminator loss": 0.21419605612754822, "Train/Total Generator loss": 23.896800994873047, "Train/Adversarial loss A": 0.39194977283477783, "Train/Adversarial loss B": 0.32600975036621094, "Train/Cycle consistency loss A": 0.30897650122642517, "Train/Cycle consistency loss B": 0.2791227698326111, "_timestamp": 1686168384.0735343, "_runtime": 2726.12264418602, "_step": 299, "Test/Generator loss": 17.879737854003906, "Test/Discriminator loss": 0.8840337991714478, "Test/L1 loss between real signal A and fake signals A": 0.9233313202857971, "Test/L1 loss between real signal B and fake signals B": 0.7486591339111328, "Test/L1_realA_fakeB": 0.7257050275802612, "Test/L1_realB_fakeA": 0.7133401036262512, "Test/Discriminator A loss": 0.4545411467552185, "Test/Discriminator B loss": 0.42949265241622925, "Test/Total Discriminator loss": 0.8840337991714478, "Test/Adversarial loss A": 0.26812437176704407, "Test/Adversarial loss B": 0.35950353741645813, "Test/Cycle consistency loss A": 0.3777565658092499, "Test/Cycle consistency loss B": 0.2768406271934509, "Test/Total Generator loss": 17.879737854003906, "Test/Epoch": 200, "_wandb": {"runtime": 5225}}