{"Train/Discriminator A loss": 0.009217056445777416, "Train/Discriminator B loss": 0.0026575017254799604, "Train/Total Discriminator loss": 0.01187455840408802, "Train/Total Generator loss": 1.730477213859558, "Train/Adversarial loss A": 0.9998440742492676, "Train/Adversarial loss B": 0.6469621658325195, "Train/Cycle consistency loss A": 0.042310718446969986, "Train/Cycle consistency loss B": 0.0413602739572525, "Train/Supervised loss A": 0, "Train/Supervised loss B": 0, "Learning rate": 0.0, "_timestamp": 1689179014.2727325, "_runtime": 25807.45369243622, "_step": 239, "Test/Generator loss": 2.3113551139831543, "Test/Discriminator loss": 0.00047342252219095826, "Test/L1 loss between real signal A and fake signals A": 1.949631929397583, "Test/L1 loss between real signal B and fake signals B": 0.9012115597724915, "Test/Discriminator A loss": 0.00021693031885661185, "Test/Discriminator B loss": 0.0002564922033343464, "Test/Adversarial or GAN loss A": 0.9526813626289368, "Test/Adversarial or GAN loss B": 0.8634331822395325, "Test/Cycle consistency loss A": 0.3752468526363373, "Test/Cycle consistency loss B": 0.11999377608299255, "Test/Supervised loss A": 0, "Test/Supervised loss B": 0, "Test/Epoch": 200}