{"Train/Discriminator A loss": 0.0027651924174278975, "Train/Discriminator B loss": 0.0007340103620663285, "Train/Total Discriminator loss": 0.003499202895909548, "Train/Total Generator loss": 1.9473755359649658, "Train/Adversarial loss A": 0.9201980829238892, "Train/Adversarial loss B": 0.9013046622276306, "Train/Cycle consistency loss A": 0.04754379391670227, "Train/Cycle consistency loss B": 0.07832905650138855, "Train/Supervised loss A": 0, "Train/Supervised loss B": 0, "Learning rate": 0.0, "_timestamp": 1688744867.0700636, "_runtime": 3549.521895647049, "_step": 239, "Test/Generator loss": 2.0194854736328125, "Test/Discriminator loss": 0.012445850297808647, "Test/L1 loss between real signal A and fake signals A": 0.6559169292449951, "Test/L1 loss between real signal B and fake signals B": 1.5008385181427002, "Test/Discriminator A loss": 0.004576278850436211, "Test/Discriminator B loss": 0.007869571447372437, "Test/Adversarial or GAN loss A": 0.847265899181366, "Test/Adversarial or GAN loss B": 0.9706405401229858, "Test/Cycle consistency loss A": 0.05617415904998779, "Test/Cycle consistency loss B": 0.14540491998195648, "Test/Supervised loss A": 0, "Test/Supervised loss B": 0, "Test/Epoch": 200, "_wandb": {"runtime": 3550}}