{"Train/Discriminator A loss": 0.044005654752254486, "Train/Discriminator B loss": 0.06572233885526657, "Train/Total Discriminator loss": 0.05486399680376053, "Train/Total Generator loss": 1.6168829202651978, "Train/Adversarial loss A": 0.9599600434303284, "Train/Adversarial loss B": 0.6088107824325562, "Train/Cycle consistency loss A": 0.015137044712901115, "Train/Cycle consistency loss B": 0.03297501802444458, "Train/Supervised loss A": 0, "Train/Supervised loss B": 0, "Learning rate": 0.01, "_timestamp": 1687209722.7235646, "_runtime": 873.4132325649261, "_step": 15, "Test/Generator loss": 1.2237461805343628, "Test/Discriminator loss": 0.1118861511349678, "Test/L1 loss between real signal A and fake signals A": 1.6116307973861694, "Test/L1 loss between real signal B and fake signals B": 1.320176124572754, "Test/Discriminator A loss": 2.500450818843092e-06, "Test/Discriminator B loss": 0.22376979887485504, "Test/Adversarial or GAN loss A": 0.9982439279556274, "Test/Adversarial or GAN loss B": 0.18737225234508514, "Test/Cycle consistency loss A": 0.017220888286828995, "Test/Cycle consistency loss B": 0.020909158512949944, "Test/Supervised loss A": 0, "Test/Supervised loss B": 0, "Test/Epoch": 8}