{"Train/Discriminator source loss": 1.9146021656979428e-07, "Train/Discriminator target loss": 1.878970437019234e-07, "Train/Total Discriminator loss": 3.793572602717177e-07, "Train/Total Generator loss": 3.7010600566864014, "Train/Adversarial loss source": 0.996319055557251, "Train/Adversarial loss target": 0.9965060353279114, "Train/Cycle consistency loss source": 0.8857031464576721, "Train/Cycle consistency loss target": 0.8225318193435669, "Train/Supervised loss source": 0, "Train/Supervised loss target": 0, "Learning rate": 0.0002, "_timestamp": 1689159436.1295013, "_runtime": 7925.699432373047, "_step": 21, "Test/Generator loss": 3.5826268196105957, "Test/Discriminator loss": 2.1652596160492976e-07, "Test/L1 loss between real signal A and fake signals A": 0.8926736116409302, "Test/L1 loss between real signal B and fake signals B": 0.6685916185379028, "Test/Discriminator A loss": 1.9732276257400372e-07, "Test/Discriminator B loss": 1.9203200807282883e-08, "Test/Adversarial or GAN loss A": 0.9965533018112183, "Test/Adversarial or GAN loss B": 0.9993405342102051, "Test/Cycle consistency loss A": 0.8942129015922546, "Test/Cycle consistency loss B": 0.692520260810852, "Test/Supervised loss A": 0, "Test/Supervised loss B": 0, "Test/Epoch": 20}