{"Train/Discriminator A loss": 0.05000000074505806, "Train/Discriminator B loss": 0.008377714082598686, "Train/Total Discriminator loss": 0.0583777129650116, "Train/Total Generator loss": 0.4403226971626282, "Train/Adversarial loss A": 0.0, "Train/Adversarial loss B": 0.40720948576927185, "Train/Cycle consistency loss A": 0.004432467743754387, "Train/Cycle consistency loss B": 0.02868075668811798, "Train/Supervised loss A": 0, "Train/Supervised loss B": 0, "Learning rate": 0.0, "_timestamp": 1689122051.1365576, "_runtime": 32869.66261768341, "_step": 239, "Test/Generator loss": 0.44053247570991516, "Test/Discriminator loss": 0.07273749262094498, "Test/L1 loss between real signal A and fake signals A": 0.6125708818435669, "Test/L1 loss between real signal B and fake signals B": 1.4287959337234497, "Test/Discriminator A loss": 0.05000000074505806, "Test/Discriminator B loss": 0.022737491875886917, "Test/Adversarial or GAN loss A": 0.0, "Test/Adversarial or GAN loss B": 0.2508355379104614, "Test/Cycle consistency loss A": 0.14840735495090485, "Test/Cycle consistency loss B": 0.04128957539796829, "Test/Supervised loss A": 0, "Test/Supervised loss B": 0, "Test/Epoch": 200}