{"Train/Discriminator A loss": 0.022948062047362328, "Train/Discriminator B loss": 0.023554649204015732, "Train/Total Discriminator loss": 0.04650270938873291, "Train/Total Generator loss": 0.7238379716873169, "Train/Adversarial loss A": 0.2717127501964569, "Train/Adversarial loss B": 0.2654494345188141, "Train/Cycle consistency loss A": 0.0995711237192154, "Train/Cycle consistency loss B": 0.0871046781539917, "Train/Supervised loss A": 0, "Train/Supervised loss B": 0, "Learning rate": 0.0001, "_timestamp": 1689324228.2167094, "_runtime": 1566.851621389389, "_step": 9, "Test/Generator loss": 1.8613865375518799, "Test/Discriminator loss": 0.10007911920547485, "Test/L1 loss between real signal A and fake signals A": 0.9166349768638611, "Test/L1 loss between real signal B and fake signals B": 0.9587088823318481, "Test/Discriminator A loss": 0.05000385269522667, "Test/Discriminator B loss": 0.05007527023553848, "Test/Adversarial or GAN loss A": 0.2501800060272217, "Test/Adversarial or GAN loss B": 0.2460363656282425, "Test/Cycle consistency loss A": 0.5178912878036499, "Test/Cycle consistency loss B": 0.8472788333892822, "Test/Supervised loss A": 0, "Test/Supervised loss B": 0, "Test/Epoch": 5}