{"Train/Discriminator source loss": 0.2460671365261078, "Train/Discriminator target loss": 0.25000864267349243, "Train/Total Discriminator loss": 0.2480378895998001, "Train/Total Generator loss": 0.8989330530166626, "Train/Adversarial loss source": 0.2533598840236664, "Train/Adversarial loss target": 0.2527880370616913, "Train/Cycle consistency loss source": 0.19969238340854645, "Train/Cycle consistency loss target": 0.19309274852275848, "Train/Supervised loss source": 0, "Train/Supervised loss target": 0, "Learning rate": 0.01, "_timestamp": 1687973043.5876455, "_runtime": 367.95038962364197, "_step": 1, "Test/Generator loss": 1.0297377109527588, "Test/Discriminator loss": 0.25100094079971313, "Test/Discriminator A loss": 0.2519029378890991, "Test/Discriminator B loss": 0.25009894371032715, "Test/Adversarial or GAN loss A": 0.24262773990631104, "Test/Adversarial or GAN loss B": 0.2521420121192932, "Test/Cycle consistency loss A": 0.18362757563591003, "Test/Cycle consistency loss B": 0.3513404428958893, "Test/Supervised loss A": 0, "Test/Supervised loss B": 0, "Test/Epoch": 1}