{"Train/Discriminator A loss": 7.662272205610776e-11, "Train/Discriminator B loss": 1.881071909544384e-17, "Train/Total Discriminator loss": 7.662274287278947e-11, "Train/Total Generator loss": 2.0626630783081055, "Train/Adversarial loss A": 0.9999344944953918, "Train/Adversarial loss B": 1.0, "Train/Cycle consistency loss A": 0.018185781314969063, "Train/Cycle consistency loss B": 0.04454294592142105, "Train/Supervised loss A": 0, "Train/Supervised loss B": 0, "Learning rate": 0.0, "_timestamp": 1689226966.4858224, "_runtime": 27453.141476392746, "_step": 239, "Test/Generator loss": 2.117197275161743, "Test/Discriminator loss": 2.4832687017806165e-09, "Test/L1 loss between real signal A and fake signals A": 1.047633409500122, "Test/L1 loss between real signal B and fake signals B": 2.632573127746582, "Test/Discriminator A loss": 2.483267591557592e-09, "Test/Discriminator B loss": 1.1800425740387892e-15, "Test/Adversarial or GAN loss A": 0.9997375011444092, "Test/Adversarial or GAN loss B": 0.9999998807907104, "Test/Cycle consistency loss A": 0.031103964895009995, "Test/Cycle consistency loss B": 0.086356021463871, "Test/Supervised loss A": 0, "Test/Supervised loss B": 0, "Test/Epoch": 200}