{"Train/Discriminator A loss": 3.192691622189159e-07, "Train/Discriminator B loss": 4.994622049281361e-09, "Train/Total Discriminator loss": 1.6213189724112453e-07, "Train/Total Generator loss": 3.3014373779296875, "Train/Adversarial loss A": 0.9984030723571777, "Train/Adversarial loss B": 0.9998000860214233, "Train/Cycle consistency loss A": 0.8025364875793457, "Train/Cycle consistency loss B": 0.5006977915763855, "Train/Supervised loss A": 0, "Train/Supervised loss B": 0, "Learning rate": 0.0001, "_timestamp": 1686676121.0766995, "_runtime": 9405.634653568268, "_step": 18, "Test/Generator loss": 4.143571853637695, "Test/Discriminator loss": 1.6432142757594193e-08, "Test/L1 loss between real signal A and fake signals A": 1.3218430280685425, "Test/L1 loss between real signal B and fake signals B": 0.8224475383758545, "Test/Discriminator A loss": 2.0708361248011897e-08, "Test/Discriminator B loss": 1.2155925155354907e-08, "Test/Adversarial or GAN loss A": 0.9995930790901184, "Test/Adversarial or GAN loss B": 0.9996882081031799, "Test/Cycle consistency loss A": 1.3218430280685425, "Test/Cycle consistency loss B": 0.8224475383758545, "Test/Supervised loss A": 0, "Test/Supervised loss B": 0, "Test/Epoch": 9}