{"Train/Discriminator A loss": 4.930117825097113e-07, "Train/Discriminator B loss": 0.00574259739369154, "Train/Total Discriminator loss": 0.005743090528994799, "Train/Total Generator loss": 2.0411667823791504, "Train/Adversarial loss A": 0.997622013092041, "Train/Adversarial loss B": 0.9815694689750671, "Train/Cycle consistency loss A": 0.03392520919442177, "Train/Cycle consistency loss B": 0.02804991602897644, "Train/Supervised loss A": 0, "Train/Supervised loss B": 0, "Learning rate": 8.999999999999995e-05, "_timestamp": 1690024588.417251, "_runtime": 2953.1444251537323, "_step": 63, "Test/Generator loss": 1.8541858196258545, "Test/Discriminator loss": 0.019196609035134315, "Test/L1 loss between real signal A and fake signals A": 0.871677815914154, "Test/L1 loss between real signal B and fake signals B": 1.4966659545898438, "Test/Discriminator A loss": 0.0008606219780631363, "Test/Discriminator B loss": 0.018335986882448196, "Test/Adversarial or GAN loss A": 0.8010692000389099, "Test/Adversarial or GAN loss B": 0.9957050085067749, "Test/Cycle consistency loss A": 0.02336413599550724, "Test/Cycle consistency loss B": 0.03404759243130684, "Test/Supervised loss A": 0, "Test/Supervised loss B": 0, "Test/Epoch": 50}