{"Train/Discriminator A loss": 6.325377038875194e-21, "Train/Discriminator B loss": 1.0889375948804243e-14, "Train/Total Discriminator loss": 1.0889381878034874e-14, "Train/Total Generator loss": 2.074735641479492, "Train/Adversarial loss A": 1.0, "Train/Adversarial loss B": 0.9999997019767761, "Train/Cycle consistency loss A": 0.006934608332812786, "Train/Cycle consistency loss B": 0.06780128180980682, "Train/Supervised loss A": 0, "Train/Supervised loss B": 0, "Learning rate": 0.0, "_timestamp": 1688707685.86499, "_runtime": 20900.5579559803, "_step": 239, "Test/Generator loss": 2.0511112213134766, "Test/Discriminator loss": 1.2496338057214895e-13, "Test/L1 loss between real signal A and fake signals A": 2.398902416229248, "Test/L1 loss between real signal B and fake signals B": 2.2644729614257812, "Test/Discriminator A loss": 7.485570145505057e-21, "Test/Discriminator B loss": 1.249633670196218e-13, "Test/Adversarial or GAN loss A": 1.0, "Test/Adversarial or GAN loss B": 0.9999983310699463, "Test/Cycle consistency loss A": 0.019851718097925186, "Test/Cycle consistency loss B": 0.03126106783747673, "Test/Supervised loss A": 0, "Test/Supervised loss B": 0, "Test/Epoch": 200, "_wandb": {"runtime": 20904}}