{"Train/Discriminator source loss": 4.757602645177883e-11, "Train/Discriminator target loss": 5.4193420584436325e-12, "Train/Total Discriminator loss": 5.299536851022246e-11, "Train/Total Generator loss": 5.357989311218262, "Train/Adversarial loss source": 0.9999943375587463, "Train/Adversarial loss target": 0.9999969005584717, "Train/Cycle consistency loss source": 0.16869711875915527, "Train/Cycle consistency loss target": 0.1671026647090912, "Train/Supervised loss source": 0, "Train/Supervised loss target": 0, "Learning rate": 0.0002, "_timestamp": 1688221698.1793065, "_runtime": 3281.419604539871, "_step": 6, "Test/Generator loss": 6.9237542152404785, "Test/Discriminator loss": 5.304268829720016e-11, "Test/Discriminator A loss": 4.762013700032597e-11, "Test/Discriminator B loss": 5.4225530315976656e-12, "Test/Adversarial or GAN loss A": 0.9999934434890747, "Test/Adversarial or GAN loss B": 0.9999969005584717, "Test/Cycle consistency loss A": 0.1979868859052658, "Test/Cycle consistency loss B": 0.2943894863128662, "Test/Supervised loss A": 0, "Test/Supervised loss B": 0, "Test/Epoch": 3, "_wandb": {"runtime": 2495}}