{"Train/Discriminator A loss": 8.467012230539694e-05, "Train/Discriminator B loss": 0.0010415680008009076, "Train/Total Discriminator loss": 0.0011262381449341774, "Train/Total Generator loss": 1.8701874017715454, "Train/Adversarial loss A": 0.9657265543937683, "Train/Adversarial loss B": 0.8222329020500183, "Train/Cycle consistency loss A": 0.02049945667386055, "Train/Cycle consistency loss B": 0.061728447675704956, "Train/Supervised loss A": 0, "Train/Supervised loss B": 0, "Learning rate": 0.0, "_timestamp": 1690480513.2838418, "_runtime": 24744.118590831757, "_step": 207, "Test/Generator loss": 1.918113350868225, "Test/Discriminator loss": 0.0005665747448801994, "Test/L1 loss between real signal A and fake signals A": 1.5516034364700317, "Test/L1 loss between real signal B and fake signals B": 1.5396013259887695, "Test/Discriminator A loss": 0.00046401191502809525, "Test/Discriminator B loss": 0.00010256280802423134, "Test/Adversarial or GAN loss A": 0.9181057810783386, "Test/Adversarial or GAN loss B": 0.9347332119941711, "Test/Cycle consistency loss A": 0.01433391124010086, "Test/Cycle consistency loss B": 0.050940416753292084, "Test/Supervised loss A": 0, "Test/Supervised loss B": 0, "Test/Epoch": 200, "_wandb": {"runtime": 24753}}