{"Train/Discriminator A loss": 0.22707116603851318, "Train/Discriminator B loss": 0.219953253865242, "Train/Total Discriminator loss": 0.223512202501297, "Train/Total Generator loss": 1.2922884225845337, "Train/Adversarial loss A": 0.25395357608795166, "Train/Adversarial loss B": 0.25, "Train/Cycle consistency loss A": 0.30236029624938965, "Train/Cycle consistency loss B": 0.4859745502471924, "Train/Supervised loss A": 0, "Train/Supervised loss B": 0, "Learning rate": 0.01, "_timestamp": 1687369997.8826718, "_runtime": 2114.7725257873535, "_step": 9, "Test/Generator loss": 1.1409447193145752, "Test/Discriminator loss": 0.2507392466068268, "Test/L1 loss between real signal A and fake signals A": 1.1128311157226562, "Test/L1 loss between real signal B and fake signals B": 1.4283697605133057, "Test/Discriminator A loss": 0.2524602711200714, "Test/Discriminator B loss": 0.24901822209358215, "Test/Adversarial or GAN loss A": 0.25140705704689026, "Test/Adversarial or GAN loss B": 0.2596723735332489, "Test/Cycle consistency loss A": 0.38354960083961487, "Test/Cycle consistency loss B": 0.2463156282901764, "Test/Supervised loss A": 0, "Test/Supervised loss B": 0, "Test/Epoch": 1}