{"Train/Discriminator A loss": 1.2628751392185222e-05, "Train/Discriminator B loss": 4.097104920219863e-06, "Train/Total Discriminator loss": 1.6725856767152436e-05, "Train/Total Generator loss": 2.014829158782959, "Train/Adversarial loss A": 0.9817214608192444, "Train/Adversarial loss B": 0.9840489029884338, "Train/Cycle consistency loss A": 0.01945630833506584, "Train/Cycle consistency loss B": 0.029602522030472755, "Train/Supervised loss A": 0, "Train/Supervised loss B": 0, "Learning rate": 0.0, "_timestamp": 1689002150.3491154, "_runtime": 10659.107270479202, "_step": 239, "Test/Generator loss": 2.1242964267730713, "Test/Discriminator loss": 0.004532019607722759, "Test/L1 loss between real signal A and fake signals A": 1.2593662738800049, "Test/L1 loss between real signal B and fake signals B": 1.6616339683532715, "Test/Discriminator A loss": 0.004518257454037666, "Test/Discriminator B loss": 1.3762134585704189e-05, "Test/Adversarial or GAN loss A": 0.8853753209114075, "Test/Adversarial or GAN loss B": 0.9848111867904663, "Test/Cycle consistency loss A": 0.11624550074338913, "Test/Cycle consistency loss B": 0.13786445558071136, "Test/Supervised loss A": 0, "Test/Supervised loss B": 0, "Test/Epoch": 200, "_wandb": {"runtime": 12023}}