{"Train/Discriminator A loss": 0.0, "Train/Discriminator B loss": 0.05000000074505806, "Train/Total Discriminator loss": 0.05000000074505806, "Train/Total Generator loss": 1.06833815574646, "Train/Adversarial loss A": 1.0, "Train/Adversarial loss B": 0.0, "Train/Cycle consistency loss A": 0.027827540412545204, "Train/Cycle consistency loss B": 0.04051065072417259, "Train/Supervised loss A": 0, "Train/Supervised loss B": 0, "Learning rate": 0.0, "_timestamp": 1689861664.4286993, "_runtime": 18178.137751340866, "_step": 239, "Test/Generator loss": 1.0528815984725952, "Test/Discriminator loss": 0.05000000074505806, "Test/L1 loss between real signal A and fake signals A": 7.931273937225342, "Test/L1 loss between real signal B and fake signals B": 0.9405797123908997, "Test/Discriminator A loss": 0.0, "Test/Discriminator B loss": 0.05000000074505806, "Test/Adversarial or GAN loss A": 1.0, "Test/Adversarial or GAN loss B": 0.0, "Test/Cycle consistency loss A": 0.022901061922311783, "Test/Cycle consistency loss B": 0.029980555176734924, "Test/Supervised loss A": 0, "Test/Supervised loss B": 0, "Test/Epoch": 200, "_wandb": {"runtime": 20898}}