{"Train/Discriminator A loss": 0.24909630417823792, "Train/Discriminator B loss": 0.2437209188938141, "Train/Total Discriminator loss": 0.492817223072052, "Train/Total Generator loss": 1.3020548820495605, "Train/Adversarial loss A": 0.25181543827056885, "Train/Adversarial loss B": 0.243313729763031, "Train/Cycle consistency loss A": 0.13747689127922058, "Train/Cycle consistency loss B": 0.6694488525390625, "Train/Supervised loss A": 0, "Train/Supervised loss B": 0, "Learning rate": 0.01, "_timestamp": 1688234909.239612, "_runtime": 313.13379406929016, "_step": 0, "_wandb": {"runtime": 411}}