{"Train/Discriminator A loss": 0.020062074065208435, "Train/Discriminator B loss": 0.25, "Train/Total Discriminator loss": 0.13503104448318481, "Train/Total Generator loss": 1.017555832862854, "Train/Adversarial loss A": 0.6914243102073669, "Train/Adversarial loss B": 0.25, "Train/Cycle consistency loss A": 0.022975627332925797, "Train/Cycle consistency loss B": 0.05315585434436798, "Train/Supervised loss A": 0, "Train/Supervised loss B": 0, "Learning rate": 0.001, "_timestamp": 1687423415.7011003, "_runtime": 5496.284766435623, "_step": 29, "Test/Generator loss": 1.0994997024536133, "Test/Discriminator loss": 0.12939453125, "Test/L1 loss between real signal A and fake signals A": 0.932587206363678, "Test/L1 loss between real signal B and fake signals B": 3.483396053314209, "Test/Discriminator A loss": 0.008789065293967724, "Test/Discriminator B loss": 0.25, "Test/Adversarial or GAN loss A": 0.7609409689903259, "Test/Adversarial or GAN loss B": 0.25, "Test/Cycle consistency loss A": 0.04015352576971054, "Test/Cycle consistency loss B": 0.04840517416596413, "Test/Supervised loss A": 0, "Test/Supervised loss B": 0, "Test/Epoch": 15, "_wandb": {"runtime": 5637}}