{"Train/Discriminator A loss": 6.222852636829368e-13, "Train/Discriminator B loss": 2.4073862903151166e-09, "Train/Total Discriminator loss": 1.2040043406713608e-09, "Train/Total Generator loss": 2.147170066833496, "Train/Adversarial loss A": 0.9999979734420776, "Train/Adversarial loss B": 0.9998937249183655, "Train/Cycle consistency loss A": 0.08404352515935898, "Train/Cycle consistency loss B": 0.0632348582148552, "Train/Supervised loss A": 0, "Train/Supervised loss B": 0, "Learning rate": 0.01, "_timestamp": 1687367221.960501, "_runtime": 663.2586560249329, "_step": 5, "Test/Generator loss": 0.05320209637284279, "Test/Discriminator loss": 0.5, "Test/L1 loss between real signal A and fake signals A": 3.316746711730957, "Test/L1 loss between real signal B and fake signals B": 1.8225295543670654, "Test/Discriminator A loss": 0.5, "Test/Discriminator B loss": 0.5, "Test/Adversarial or GAN loss A": 0.0, "Test/Adversarial or GAN loss B": 0.0, "Test/Cycle consistency loss A": 0.029195204377174377, "Test/Cycle consistency loss B": 0.02400689199566841, "Test/Supervised loss A": 0, "Test/Supervised loss B": 0, "Test/Epoch": 2, "_wandb": {"runtime": 599}}