{"Train/Discriminator A loss": 0.0, "Train/Discriminator B loss": 7.78262609912872e-09, "Train/Total Discriminator loss": 7.78262609912872e-09, "Train/Total Generator loss": 2.0733094215393066, "Train/Adversarial loss A": 1.0, "Train/Adversarial loss B": 0.9994421601295471, "Train/Cycle consistency loss A": 0.017305951565504074, "Train/Cycle consistency loss B": 0.05656144767999649, "Train/Supervised loss A": 0, "Train/Supervised loss B": 0, "Learning rate": 0.0, "_timestamp": 1689989144.9617965, "_runtime": 14451.761625528336, "_step": 239, "Test/Generator loss": 2.1336822509765625, "Test/Discriminator loss": 8.761004048516588e-17, "Test/L1 loss between real signal A and fake signals A": 5.875261306762695, "Test/L1 loss between real signal B and fake signals B": 2.7044243812561035, "Test/Discriminator A loss": 0.0, "Test/Discriminator B loss": 8.761004048516588e-17, "Test/Adversarial or GAN loss A": 1.0, "Test/Adversarial or GAN loss B": 1.0, "Test/Cycle consistency loss A": 0.059860989451408386, "Test/Cycle consistency loss B": 0.0738212838768959, "Test/Supervised loss A": 0, "Test/Supervised loss B": 0, "Test/Epoch": 200, "_wandb": {"runtime": 14457}}