{"Train/Discriminator A loss": 0.0008895755163393915, "Train/Discriminator B loss": 0.0010558401700109243, "Train/Total Discriminator loss": 0.0019454157445579767, "Train/Total Generator loss": 2.0802102088928223, "Train/Adversarial loss A": 0.9463329315185547, "Train/Adversarial loss B": 0.9632747173309326, "Train/Cycle consistency loss A": 0.040714081376791, "Train/Cycle consistency loss B": 0.12988854944705963, "Train/Supervised loss A": 0, "Train/Supervised loss B": 0, "Learning rate": 0.0, "_timestamp": 1688738119.509932, "_runtime": 1111.5034260749817, "_step": 239, "Test/Generator loss": 2.1639719009399414, "Test/Discriminator loss": 0.0007679995615035295, "Test/L1 loss between real signal A and fake signals A": 0.9457777738571167, "Test/L1 loss between real signal B and fake signals B": 2.412616729736328, "Test/Discriminator A loss": 0.0001393230922985822, "Test/Discriminator B loss": 0.0006286764983087778, "Test/Adversarial or GAN loss A": 0.9763764142990112, "Test/Adversarial or GAN loss B": 0.9941860437393188, "Test/Cycle consistency loss A": 0.049437977373600006, "Test/Cycle consistency loss B": 0.1439715027809143, "Test/Supervised loss A": 0, "Test/Supervised loss B": 0, "Test/Epoch": 200, "_wandb": {"runtime": 1642}}