{"Train/Discriminator A loss": 5.342990050394292e-08, "Train/Discriminator B loss": 0.5, "Train/Total Discriminator loss": 0.2500000298023224, "Train/Total Generator loss": 2.0579445362091064, "Train/Adversarial loss A": 0.9993464350700378, "Train/Adversarial loss B": 0.0, "Train/Cycle consistency loss A": 0.671218991279602, "Train/Cycle consistency loss B": 0.38737916946411133, "Train/Supervised loss A": 0, "Train/Supervised loss B": 0, "Learning rate": 1.0000000000000004e-06, "_timestamp": 1687172856.3074877, "_runtime": 3547.132095813751, "_step": 399, "Test/Generator loss": 2.8105618953704834, "Test/Discriminator loss": 0.2500000298023224, "Test/L1 loss between real signal A and fake signals A": 0.8004254102706909, "Test/L1 loss between real signal B and fake signals B": 1.0107901096343994, "Test/Discriminator A loss": 5.342950260001089e-08, "Test/Discriminator B loss": 0.5, "Test/Adversarial or GAN loss A": 0.9993464350700378, "Test/Adversarial or GAN loss B": 0.0, "Test/Cycle consistency loss A": 0.8004254102706909, "Test/Cycle consistency loss B": 1.0107901096343994, "Test/Supervised loss A": 0, "Test/Supervised loss B": 0, "Test/Epoch": 200, "_wandb": {"runtime": 3547}}