{"Train/Discriminator A loss": 4.585282824583922e-20, "Train/Discriminator B loss": 3.01889429010771e-07, "Train/Total Discriminator loss": 3.01889429010771e-07, "Train/Total Generator loss": 2.1772782802581787, "Train/Adversarial loss A": 1.0, "Train/Adversarial loss B": 0.9969258308410645, "Train/Cycle consistency loss A": 0.040733594447374344, "Train/Cycle consistency loss B": 0.1396189033985138, "Train/Supervised loss A": 0, "Train/Supervised loss B": 0, "Learning rate": 8.800000000000004e-05, "_timestamp": 1689342177.7772355, "_runtime": 17101.742773532867, "_step": 133, "Test/Generator loss": 2.120018720626831, "Test/Discriminator loss": 2.8922713113388454e-08, "Test/L1 loss between real signal A and fake signals A": 5.317726135253906, "Test/L1 loss between real signal B and fake signals B": 1.2761610746383667, "Test/Discriminator A loss": 7.006492321624085e-45, "Test/Discriminator B loss": 2.8922713113388454e-08, "Test/Adversarial or GAN loss A": 1.0, "Test/Adversarial or GAN loss B": 0.9990002512931824, "Test/Cycle consistency loss A": 0.07758431136608124, "Test/Cycle consistency loss B": 0.04343407228589058, "Test/Supervised loss A": 0, "Test/Supervised loss B": 0, "Test/Epoch": 110, "_wandb": {"runtime": 17277}}