{"Train/Discriminator A loss": 4.371221640002549e-37, "Train/Discriminator B loss": 1.2374036709866634e-32, "Train/Total Discriminator loss": 6.187236556072188e-33, "Train/Total Generator loss": 2.2030510902404785, "Train/Adversarial loss A": 1.0, "Train/Adversarial loss B": 1.0, "Train/Cycle consistency loss A": 0.17604999244213104, "Train/Cycle consistency loss B": 0.027000978589057922, "Train/Supervised loss A": 0, "Train/Supervised loss B": 0, "Learning rate": 0.0001, "_timestamp": 1686665919.7446387, "_runtime": 10599.550634622574, "_step": 46, "Test/Generator loss": 3.1137499809265137, "Test/Discriminator loss": 0.302284300327301, "Test/L1 loss between real signal A and fake signals A": 1.389434576034546, "Test/L1 loss between real signal B and fake signals B": 1.5357294082641602, "Test/Discriminator A loss": 0.3546006381511688, "Test/Discriminator B loss": 0.24996794760227203, "Test/Adversarial or GAN loss A": 0.1423485279083252, "Test/Adversarial or GAN loss B": 0.25072306394577026, "Test/Cycle consistency loss A": 0.8002507090568542, "Test/Cycle consistency loss B": 1.9204275608062744, "Test/Supervised loss A": 0, "Test/Supervised loss B": 0, "Test/Epoch": 25, "_wandb": {"runtime": 10692}}