{"Train/Discriminator source loss": 0.20148450136184692, "Train/Discriminator target loss": 0.19863133132457733, "Train/Total Discriminator loss": 0.20005792379379272, "Train/Total Generator loss": 2.3737528324127197, "Train/Adversarial loss source": 0.2532980442047119, "Train/Adversarial loss target": 0.25437599420547485, "Train/Cycle consistency loss source": 0.950661301612854, "Train/Cycle consistency loss target": 0.9154175519943237, "Train/Supervised loss source": 0, "Train/Supervised loss target": 0, "Learning rate": 0.001, "_timestamp": 1687537456.2588372, "_runtime": 614.6876301765442, "_step": 1, "_wandb": {"runtime": 696}}