{"Train/Discriminator A loss": 0.002856700448319316, "Train/Discriminator B loss": 1.0, "Train/Total Discriminator loss": 1.002856731414795, "Train/Total Generator loss": 0.9601317048072815, "Train/Adversarial loss A": 0.9077953100204468, "Train/Adversarial loss B": 0.0, "Train/Cycle consistency loss A": 0.007954076863825321, "Train/Cycle consistency loss B": 0.04438234120607376, "Train/Supervised loss A": 0, "Train/Supervised loss B": 0, "Learning rate": 0.0, "_timestamp": 1689878644.6680663, "_runtime": 14251.475101232529, "_step": 239, "Test/Generator loss": 1.0141305923461914, "Test/Discriminator loss": 1.0003429651260376, "Test/L1 loss between real signal A and fake signals A": 0.9078426361083984, "Test/L1 loss between real signal B and fake signals B": 12.374567031860352, "Test/Discriminator A loss": 0.00034291428164578974, "Test/Discriminator B loss": 1.0, "Test/Adversarial or GAN loss A": 0.9693393707275391, "Test/Adversarial or GAN loss B": 0.0, "Test/Cycle consistency loss A": 0.00843716785311699, "Test/Cycle consistency loss B": 0.036354053765535355, "Test/Supervised loss A": 0, "Test/Supervised loss B": 0, "Test/Epoch": 200, "_wandb": {"runtime": 14255}}