{"Train/Discriminator A loss": 4.69576747264e-07, "Train/Discriminator B loss": 0.00018516238196752965, "Train/Total Discriminator loss": 9.281597886001691e-05, "Train/Total Generator loss": 2.1463210582733154, "Train/Adversarial loss A": 0.9992895722389221, "Train/Adversarial loss B": 0.9655610918998718, "Train/Cycle consistency loss A": 0.07642407715320587, "Train/Cycle consistency loss B": 0.1050463616847992, "Train/Supervised loss A": 0, "Train/Supervised loss B": 0, "Learning rate": 0.001, "_timestamp": 1688032509.5674858, "_runtime": 1057.9783778190613, "_step": 11, "Test/Generator loss": 2.2450618743896484, "Test/Discriminator loss": 3.4957247407874092e-06, "Test/L1 loss between real signal A and fake signals A": 3.5139572620391846, "Test/L1 loss between real signal B and fake signals B": 2.2332847118377686, "Test/Discriminator A loss": 0.0, "Test/Discriminator B loss": 6.9914494815748185e-06, "Test/Adversarial or GAN loss A": 1.0, "Test/Adversarial or GAN loss B": 0.9933810830116272, "Test/Cycle consistency loss A": 0.14422862231731415, "Test/Cycle consistency loss B": 0.10745223611593246, "Test/Supervised loss A": 0, "Test/Supervised loss B": 0, "Test/Epoch": 10, "_wandb": {"runtime": 1302}}