{"Train/Discriminator A loss": 0.23228242993354797, "Train/Discriminator B loss": 0.2279929667711258, "Train/Total Discriminator loss": 0.23013770580291748, "Train/Total Generator loss": 2.617105722427368, "Train/Adversarial loss A": 0.22759796679019928, "Train/Adversarial loss B": 0.23118583858013153, "Train/Cycle consistency loss A": 1.252354621887207, "Train/Cycle consistency loss B": 0.9059672355651855, "Train/Supervised loss A": 0, "Train/Supervised loss B": 0, "Learning rate": 0.0001, "_timestamp": 1686481222.8764255, "_runtime": 121.62003540992737, "_step": 2, "_wandb": {"runtime": 135}}