{"Train/Discriminator A loss": 2.943676931984468e-13, "Train/Discriminator B loss": 4.565342201501288e-11, "Train/Total Discriminator loss": 4.5947790711098335e-11, "Train/Total Generator loss": 2.0502960681915283, "Train/Adversarial loss A": 1.0, "Train/Adversarial loss B": 0.9999531507492065, "Train/Cycle consistency loss A": 0.025456272065639496, "Train/Cycle consistency loss B": 0.07522955536842346, "Train/Supervised loss A": 0, "Train/Supervised loss B": 0, "Learning rate": 0.0, "_timestamp": 1690342603.420323, "_runtime": 20587.00244998932, "_step": 207, "Test/Generator loss": 2.099945068359375, "Test/Discriminator loss": 5.300435645949619e-09, "Test/L1 loss between real signal A and fake signals A": 107.27245330810547, "Test/L1 loss between real signal B and fake signals B": 2.7562289237976074, "Test/Discriminator A loss": 1.341910794722817e-13, "Test/Discriminator B loss": 5.300301531008245e-09, "Test/Adversarial or GAN loss A": 1.0, "Test/Adversarial or GAN loss B": 0.999718964099884, "Test/Cycle consistency loss A": 0.0443338006734848, "Test/Cycle consistency loss B": 0.15611866116523743, "Test/Supervised loss A": 0, "Test/Supervised loss B": 0, "Test/Epoch": 200}