{"Train/Discriminator A loss": 0.0040267822332680225, "Train/Discriminator B loss": 0.015671610832214355, "Train/Total Discriminator loss": 0.009849196299910545, "Train/Total Generator loss": 2.426278829574585, "Train/Adversarial loss A": 0.970685601234436, "Train/Adversarial loss B": 0.9432541728019714, "Train/Cycle consistency loss A": 0.4059290587902069, "Train/Cycle consistency loss B": 0.10640999674797058, "Train/Supervised loss A": 0, "Train/Supervised loss B": 0, "Learning rate": 1.0000000000000002e-06, "_timestamp": 1687165121.0759838, "_runtime": 491.58609676361084, "_step": 71, "Test/Generator loss": 2.5492470264434814, "Test/Discriminator loss": 0.01690327376127243, "Test/L1 loss between real signal A and fake signals A": 1.3244109153747559, "Test/L1 loss between real signal B and fake signals B": 3.477938175201416, "Test/Discriminator A loss": 0.00781793799251318, "Test/Discriminator B loss": 0.025988608598709106, "Test/Adversarial or GAN loss A": 0.957857072353363, "Test/Adversarial or GAN loss B": 0.9398544430732727, "Test/Cycle consistency loss A": 0.5272068977355957, "Test/Cycle consistency loss B": 0.12432853132486343, "Test/Supervised loss A": 0, "Test/Supervised loss B": 0, "Test/Epoch": 36}