{"Train/Discriminator source loss": 0.02182593010365963, "Train/Discriminator target loss": 0.022068673744797707, "Train/Total Discriminator loss": 0.043894603848457336, "Train/Total Generator loss": 2.538860321044922, "Train/Adversarial loss source": 0.25092944502830505, "Train/Adversarial loss target": 0.25010916590690613, "Train/Cycle consistency loss source": 1.0652549266815186, "Train/Cycle consistency loss target": 0.9725668430328369, "Train/Supervised loss source": 0, "Train/Supervised loss target": 0, "Learning rate": 0.0002, "_timestamp": 1689151418.820979, "_runtime": 394.1751871109009, "_step": 1, "Test/Generator loss": 2.3575758934020996, "Test/Discriminator loss": 0.05009983852505684, "Test/L1 loss between real signal A and fake signals A": 0.9958230257034302, "Test/L1 loss between real signal B and fake signals B": 0.8622865676879883, "Test/Discriminator A loss": 0.024821793660521507, "Test/Discriminator B loss": 0.02527804486453533, "Test/Adversarial or GAN loss A": 0.25006672739982605, "Test/Adversarial or GAN loss B": 0.24377323687076569, "Test/Cycle consistency loss A": 0.9964486360549927, "Test/Cycle consistency loss B": 0.8672872185707092, "Test/Supervised loss A": 0, "Test/Supervised loss B": 0, "Test/Epoch": 1, "_wandb": {"runtime": 457}}