{"Train/Discriminator A loss": 1.3740303074882831e-05, "Train/Discriminator B loss": 1.660737503073051e-08, "Train/Total Discriminator loss": 1.3756910448137205e-05, "Train/Total Generator loss": 2.0779049396514893, "Train/Adversarial loss A": 0.9766935706138611, "Train/Adversarial loss B": 0.9991851449012756, "Train/Cycle consistency loss A": 0.0239091943949461, "Train/Cycle consistency loss B": 0.07811710238456726, "Train/Supervised loss A": 0, "Train/Supervised loss B": 0, "Learning rate": 0.0, "_timestamp": 1689974168.542118, "_runtime": 14400.490154981613, "_step": 239, "Test/Generator loss": 1.9835609197616577, "Test/Discriminator loss": 0.0003562439524102956, "Test/L1 loss between real signal A and fake signals A": 0.8361952900886536, "Test/L1 loss between real signal B and fake signals B": 1.4987252950668335, "Test/Discriminator A loss": 0.00032143748831003904, "Test/Discriminator B loss": 3.480646410025656e-05, "Test/Adversarial or GAN loss A": 0.8898234367370605, "Test/Adversarial or GAN loss B": 0.9630351066589355, "Test/Cycle consistency loss A": 0.05172952264547348, "Test/Cycle consistency loss B": 0.07897282391786575, "Test/Supervised loss A": 0, "Test/Supervised loss B": 0, "Test/Epoch": 200, "_wandb": {"runtime": 14918}}