{"Train/Discriminator A loss": 0.014038588851690292, "Train/Discriminator B loss": 0.004562582354992628, "Train/Total Discriminator loss": 0.009300585836172104, "Train/Total Generator loss": 12.035608291625977, "Train/Adversarial loss A": 0.9206751585006714, "Train/Adversarial loss B": 0.8773390054702759, "Train/Cycle consistency loss A": 0.41381531953811646, "Train/Cycle consistency loss B": 0.1952921748161316, "Train/Supervised loss A": 0, "Train/Supervised loss B": 0, "Learning rate": 1.0000000000000002e-06, "_timestamp": 1686561985.1894653, "_runtime": 946.9351012706757, "_step": 131, "Test/Generator loss": 11.489204406738281, "Test/Discriminator loss": 0.02324213832616806, "Test/L1 loss between real signal A and fake signals A": 4.433716773986816, "Test/L1 loss between real signal B and fake signals B": 1.4995018243789673, "Test/Discriminator A loss": 0.042324576526880264, "Test/Discriminator B loss": 0.004159701056778431, "Test/Adversarial or GAN loss A": 0.781474769115448, "Test/Adversarial or GAN loss B": 0.8729596138000488, "Test/Cycle consistency loss A": 0.4382970333099365, "Test/Cycle consistency loss B": 0.2051094025373459, "Test/Supervised loss A": 0, "Test/Supervised loss B": 0, "Test/Epoch": 66}