{"Train/Discriminator A loss": 3.775921868509613e-06, "Train/Discriminator B loss": 1.1404912569901171e-09, "Train/Total Discriminator loss": 3.7770623748656362e-06, "Train/Total Generator loss": 2.1134262084960938, "Train/Adversarial loss A": 0.9972610473632812, "Train/Adversarial loss B": 0.9999715685844421, "Train/Cycle consistency loss A": 0.05836024880409241, "Train/Cycle consistency loss B": 0.05783327296376228, "Train/Supervised loss A": 0, "Train/Supervised loss B": 0, "Learning rate": 0.0, "_timestamp": 1688815559.4044576, "_runtime": 17866.864709615707, "_step": 239, "Test/Generator loss": 2.079918146133423, "Test/Discriminator loss": 2.282392051711213e-05, "Test/L1 loss between real signal A and fake signals A": 0.8178865313529968, "Test/L1 loss between real signal B and fake signals B": 1.8531166315078735, "Test/Discriminator A loss": 7.506452675443143e-06, "Test/Discriminator B loss": 1.5317467841668986e-05, "Test/Adversarial or GAN loss A": 0.9962927103042603, "Test/Adversarial or GAN loss B": 0.993928074836731, "Test/Cycle consistency loss A": 0.03614232689142227, "Test/Cycle consistency loss B": 0.053555119782686234, "Test/Supervised loss A": 0, "Test/Supervised loss B": 0, "Test/Epoch": 200, "_wandb": {"runtime": 17870}}