{"Train/Discriminator A loss": 0.5, "Train/Discriminator B loss": 1.029598388413433e-05, "Train/Total Discriminator loss": 0.25000515580177307, "Train/Total Generator loss": 2.9594757556915283, "Train/Adversarial loss A": 0.0, "Train/Adversarial loss B": 0.9909570813179016, "Train/Cycle consistency loss A": 1.1663970947265625, "Train/Cycle consistency loss B": 0.8021215200424194, "Train/Supervised loss A": 0, "Train/Supervised loss B": 0, "Learning rate": 0.001, "_timestamp": 1687437954.2234476, "_runtime": 2783.364200592041, "_step": 11, "Test/Generator loss": 2.820355176925659, "Test/Discriminator loss": 0.2500051259994507, "Test/L1 loss between real signal A and fake signals A": 0.9719107747077942, "Test/L1 loss between real signal B and fake signals B": 0.8574931621551514, "Test/Discriminator A loss": 0.5, "Test/Discriminator B loss": 1.028176393447211e-05, "Test/Adversarial or GAN loss A": 0.0, "Test/Adversarial or GAN loss B": 0.9909512400627136, "Test/Cycle consistency loss A": 0.9719107747077942, "Test/Cycle consistency loss B": 0.8574931621551514, "Test/Supervised loss A": 0, "Test/Supervised loss B": 0, "Test/Epoch": 10}