{"Train/Discriminator A loss": 0.1673416793346405, "Train/Discriminator B loss": 0.2143969088792801, "Train/Total Discriminator loss": 0.1908693015575409, "Train/Total Generator loss": 0.7966797351837158, "Train/Adversarial loss A": 0.23627471923828125, "Train/Adversarial loss B": 0.2040860652923584, "Train/Cycle consistency loss A": 0.28805890679359436, "Train/Cycle consistency loss B": 0.06826003640890121, "Train/Supervised loss A": 0, "Train/Supervised loss B": 0, "Learning rate": 1.0000000000000002e-06, "_timestamp": 1686483645.1703148, "_runtime": 2401.0040848255157, "_step": 203, "Test/Generator loss": 0.8117934465408325, "Test/Discriminator loss": 0.19528834521770477, "Test/L1 loss between real signal A and fake signals A": 1.9094806909561157, "Test/L1 loss between real signal B and fake signals B": 2.029313564300537, "Test/Discriminator A loss": 0.18425756692886353, "Test/Discriminator B loss": 0.20631912350654602, "Test/Adversarial or GAN loss A": 0.21044474840164185, "Test/Adversarial or GAN loss B": 0.22913336753845215, "Test/Cycle consistency loss A": 0.29267579317092896, "Test/Cycle consistency loss B": 0.07953951507806778, "Test/Supervised loss A": 0, "Test/Supervised loss B": 0, "Test/Epoch": 200, "_wandb": {"runtime": 2401}}