{"Train/Discriminator A loss": 0.2089242935180664, "Train/Discriminator B loss": 0.21620090305805206, "Train/Total Discriminator loss": 0.21256259083747864, "Train/Total Generator loss": 1.0538902282714844, "Train/Adversarial loss A": 0.2431757152080536, "Train/Adversarial loss B": 0.23425933718681335, "Train/Cycle consistency loss A": 0.3911549150943756, "Train/Cycle consistency loss B": 0.18530018627643585, "Train/Supervised loss A": 0, "Train/Supervised loss B": 0, "Learning rate": 1.0000000000000002e-06, "_timestamp": 1686501729.840849, "_runtime": 941.9168930053711, "_step": 47}