{"Train/Discriminator A loss": 0.25000929832458496, "Train/Discriminator B loss": 0.250002920627594, "Train/Total Discriminator loss": 0.2500061094760895, "Train/Total Generator loss": 1.5162345170974731, "Train/Adversarial loss A": 0.2526688277721405, "Train/Adversarial loss B": 0.2517010569572449, "Train/Cycle consistency loss A": 0.2810409665107727, "Train/Cycle consistency loss B": 0.7308236360549927, "Train/Supervised loss A": 0, "Train/Supervised loss B": 0, "Learning rate": 0.01, "_timestamp": 1687424113.344263, "_runtime": 331.2756860256195, "_step": 1, "Test/Generator loss": 1.103499412536621, "Test/Discriminator loss": 0.2505285441875458, "Test/L1 loss between real signal A and fake signals A": 1.9269380569458008, "Test/L1 loss between real signal B and fake signals B": 1.5510754585266113, "Test/Discriminator A loss": 0.25104445219039917, "Test/Discriminator B loss": 0.2500126361846924, "Test/Adversarial or GAN loss A": 0.2516414523124695, "Test/Adversarial or GAN loss B": 0.2515427768230438, "Test/Cycle consistency loss A": 0.26952189207077026, "Test/Cycle consistency loss B": 0.3307933509349823, "Test/Supervised loss A": 0, "Test/Supervised loss B": 0, "Test/Epoch": 1, "_wandb": {"runtime": 612}}