{"Train/Discriminator source loss": 6.611901998132552e-11, "Train/Discriminator target loss": 0.0002379158540861681, "Train/Total Discriminator loss": 0.00023791592684574425, "Train/Total Generator loss": 2.2368619441986084, "Train/Adversarial loss source": 0.9999569654464722, "Train/Adversarial loss target": 0.9078803658485413, "Train/Cycle consistency loss source": 0.31442561745643616, "Train/Cycle consistency loss target": 0.014598855748772621, "Train/Supervised loss source": 0, "Train/Supervised loss target": 0, "Learning rate": 0.0, "_timestamp": 1690598659.812948, "_runtime": 142977.49919509888, "_step": 219, "Test/Generator loss": 2.2362897396087646, "Test/Discriminator loss": 4.55530107501545e-06, "Test/L1 loss between real signal A and fake signals A": 1.6125519275665283, "Test/L1 loss between real signal B and fake signals B": 0.5888321995735168, "Test/Discriminator A loss": 4.54567725682864e-06, "Test/Discriminator B loss": 9.623971841676848e-09, "Test/Adversarial or GAN loss A": 0.9916691780090332, "Test/Adversarial or GAN loss B": 0.9996353983879089, "Test/Cycle consistency loss A": 0.2259775996208191, "Test/Cycle consistency loss B": 0.01900741644203663, "Test/Supervised loss A": 0, "Test/Supervised loss B": 0, "Test/Epoch": 200}