{"Train/Discriminator A loss": 0.24995560944080353, "Train/Discriminator B loss": 0.2381468415260315, "Train/Total Discriminator loss": 0.24405121803283691, "Train/Total Generator loss": 0.796404242515564, "Train/Adversarial loss A": 0.3811381161212921, "Train/Adversarial loss B": 0.31111833453178406, "Train/Cycle consistency loss A": 0.0214352048933506, "Train/Cycle consistency loss B": 0.0827125757932663, "Train/Supervised loss A": 0, "Train/Supervised loss B": 0, "Learning rate": 0.01, "_timestamp": 1687268447.3072777, "_runtime": 469.6180787086487, "_step": 7, "Test/Generator loss": 1.0561182498931885, "Test/Discriminator loss": 0.179417222738266, "Test/L1 loss between real signal A and fake signals A": 0.41782331466674805, "Test/L1 loss between real signal B and fake signals B": 0.489212304353714, "Test/Discriminator A loss": 0.23951873183250427, "Test/Discriminator B loss": 0.11931570619344711, "Test/Adversarial or GAN loss A": 0.4123521149158478, "Test/Adversarial or GAN loss B": 0.5031983256340027, "Test/Cycle consistency loss A": 0.042328715324401855, "Test/Cycle consistency loss B": 0.09823911637067795, "Test/Supervised loss A": 0, "Test/Supervised loss B": 0, "Test/Epoch": 4, "_wandb": {"runtime": 478}}