{"Train/Discriminator A loss": 0.2779005467891693, "Train/Discriminator B loss": 0.2534424066543579, "Train/Total Discriminator loss": 0.2656714916229248, "Train/Total Generator loss": 2.048424243927002, "Train/Adversarial loss A": 0.22165651619434357, "Train/Adversarial loss B": 0.19815391302108765, "Train/Cycle consistency loss A": 0.9727941155433655, "Train/Cycle consistency loss B": 0.6558195352554321, "Train/Supervised loss A": 0, "Train/Supervised loss B": 0, "Learning rate": 0.1, "_timestamp": 1687162122.1915545, "_runtime": 18.205949544906616, "_step": 0, "_wandb": {"runtime": 571}}