{"Train/Discriminator A loss": 2.2536959719071172e-19, "Train/Discriminator B loss": 0.0, "Train/Total Discriminator loss": 2.2536959719071172e-19, "Train/Total Generator loss": 3.0715584754943848, "Train/Adversarial loss A": 1.0, "Train/Adversarial loss B": 1.0, "Train/Cycle consistency loss A": 0.011317829601466656, "Train/Cycle consistency loss B": 0.09583801031112671, "Train/Supervised loss A": 0, "Train/Supervised loss B": 0, "Learning rate": 0.0, "_timestamp": 1688646143.0084324, "_runtime": 20634.620477437973, "_step": 239, "Test/Generator loss": 2.797480583190918, "Test/Discriminator loss": 2.9205828370226284e-16, "Test/L1 loss between real signal A and fake signals A": 1.2843923568725586, "Test/L1 loss between real signal B and fake signals B": 5.164081573486328, "Test/Discriminator A loss": 2.9205828370226284e-16, "Test/Discriminator B loss": 1.052751525274397e-29, "Test/Adversarial or GAN loss A": 1.0, "Test/Adversarial or GAN loss B": 1.0, "Test/Cycle consistency loss A": 0.017465725541114807, "Test/Cycle consistency loss B": 0.062282316386699677, "Test/Supervised loss A": 0, "Test/Supervised loss B": 0, "Test/Epoch": 200, "_wandb": {"runtime": 20638}}