{"Train/Discriminator A loss": 3.7308724131435156e-05, "Train/Discriminator B loss": 0.0008200018783099949, "Train/Total Discriminator loss": 0.0008573106024414301, "Train/Total Generator loss": 2.9113669395446777, "Train/Adversarial loss A": 0.9866946339607239, "Train/Adversarial loss B": 0.9360499382019043, "Train/Cycle consistency loss A": 0.03158004581928253, "Train/Cycle consistency loss B": 0.06362161040306091, "Train/Supervised loss A": 0, "Train/Supervised loss B": 0, "Learning rate": 0.0, "_timestamp": 1688293174.6338844, "_runtime": 5841.19454741478, "_step": 59, "Test/Generator loss": 2.8866639137268066, "Test/Discriminator loss": 0.010790441185235977, "Test/L1 loss between real signal A and fake signals A": 0.5952131748199463, "Test/L1 loss between real signal B and fake signals B": 1.1116926670074463, "Test/Discriminator A loss": 1.2143677849962842e-06, "Test/Discriminator B loss": 0.010789226740598679, "Test/Adversarial or GAN loss A": 0.9976113438606262, "Test/Adversarial or GAN loss B": 0.8163650631904602, "Test/Cycle consistency loss A": 0.04035942256450653, "Test/Cycle consistency loss B": 0.061352215707302094, "Test/Supervised loss A": 0, "Test/Supervised loss B": 0, "Test/Epoch": 50, "_wandb": {"runtime": 5847}}