{"Train/Discriminator A loss": 0.023250728845596313, "Train/Discriminator B loss": 0.024931833148002625, "Train/Total Discriminator loss": 0.04818256199359894, "Train/Total Generator loss": 1.5509295463562012, "Train/Adversarial loss A": 0.23481738567352295, "Train/Adversarial loss B": 0.2513788640499115, "Train/Cycle consistency loss A": 0.46908038854599, "Train/Cycle consistency loss B": 0.5956529378890991, "Train/Supervised loss A": 0, "Train/Supervised loss B": 0, "Learning rate": 0.0002, "_timestamp": 1688861660.024154, "_runtime": 335.7840118408203, "_step": 0, "_wandb": {"runtime": 540}}