{"Train/Discriminator A loss": 0.25, "Train/Discriminator B loss": 0.25, "Train/Total Discriminator loss": 0.25, "Train/Total Generator loss": 0.756076991558075, "Train/Adversarial loss A": 0.2500018775463104, "Train/Adversarial loss B": 0.2500289976596832, "Train/Cycle consistency loss A": 0.11055976152420044, "Train/Cycle consistency loss B": 0.14548633992671967, "Train/Supervised loss A": 0, "Train/Supervised loss B": 0, "Learning rate": 1.0000000000000002e-07, "_timestamp": 1687249820.645094, "_runtime": 2011.8608229160309, "_step": 39, "Test/Generator loss": 0.9425923824310303, "Test/Discriminator loss": 0.25, "Test/L1 loss between real signal A and fake signals A": 0.6952193975448608, "Test/L1 loss between real signal B and fake signals B": 0.6652843952178955, "Test/Discriminator A loss": 0.25, "Test/Discriminator B loss": 0.25, "Test/Adversarial or GAN loss A": 0.2500018775463104, "Test/Adversarial or GAN loss B": 0.25002896785736084, "Test/Cycle consistency loss A": 0.16332533955574036, "Test/Cycle consistency loss B": 0.27923616766929626, "Test/Supervised loss A": 0, "Test/Supervised loss B": 0, "Test/Epoch": 20}