{"Train/Discriminator source loss": 2.1206020051067753e-08, "Train/Discriminator target loss": 1.3619305150314176e-07, "Train/Total Discriminator loss": 1.573990715542095e-07, "Train/Total Generator loss": 2.420180320739746, "Train/Adversarial loss source": 0.9989959597587585, "Train/Adversarial loss target": 0.9981492757797241, "Train/Cycle consistency loss source": 0.12012244760990143, "Train/Cycle consistency loss target": 0.3029126226902008, "Train/Supervised loss source": 0, "Train/Supervised loss target": 0, "Learning rate": 0.0, "_timestamp": 1689650318.076225, "_runtime": 129220.92053413391, "_step": 218, "Test/Generator loss": 2.4742255210876465, "Test/Discriminator loss": 1.2471675745473476e-06, "Test/L1 loss between real signal A and fake signals A": 0.8712806105613708, "Test/L1 loss between real signal B and fake signals B": 1.2263805866241455, "Test/Discriminator A loss": 8.840392951015019e-08, "Test/Discriminator B loss": 1.1587636663534795e-06, "Test/Adversarial or GAN loss A": 0.9985146522521973, "Test/Adversarial or GAN loss B": 0.9945799112319946, "Test/Cycle consistency loss A": 0.15624818205833435, "Test/Cycle consistency loss B": 0.324882835149765, "Test/Supervised loss A": 0, "Test/Supervised loss B": 0, "Test/Epoch": 160}