{"Train/Discriminator A loss": 0.16854749619960785, "Train/Discriminator B loss": 0.1867440938949585, "Train/Total Discriminator loss": 0.17764580249786377, "Train/Total Generator loss": 2.5397324562072754, "Train/Adversarial loss A": 0.24742932617664337, "Train/Adversarial loss B": 0.25034570693969727, "Train/Cycle consistency loss A": 1.1578938961029053, "Train/Cycle consistency loss B": 0.8840633630752563, "Train/Supervised loss A": 0, "Train/Supervised loss B": 0, "Learning rate": 0.1, "_timestamp": 1686939239.179577, "_runtime": 76.10917401313782, "_step": 0, "_wandb": {"runtime": 88}}