{"Train/Discriminator source loss": 3.3323115644634527e-07, "Train/Discriminator target loss": 8.29029076498955e-08, "Train/Total Discriminator loss": 4.161340712016681e-07, "Train/Total Generator loss": 2.2131245136260986, "Train/Adversarial loss source": 0.9976077675819397, "Train/Adversarial loss target": 0.9985842108726501, "Train/Cycle consistency loss source": 0.10125239193439484, "Train/Cycle consistency loss target": 0.11568011343479156, "Train/Supervised loss source": 0, "Train/Supervised loss target": 0, "Learning rate": 0.0, "_timestamp": 1690282183.5502892, "_runtime": 128872.24815917015, "_step": 219, "Test/Generator loss": 2.305612564086914, "Test/Discriminator loss": 6.882894467707956e-07, "Test/L1 loss between real signal A and fake signals A": 1.0731817483901978, "Test/L1 loss between real signal B and fake signals B": 1.1732474565505981, "Test/Discriminator A loss": 4.6219266636171596e-08, "Test/Discriminator B loss": 6.420701765819103e-07, "Test/Adversarial or GAN loss A": 0.9985514283180237, "Test/Adversarial or GAN loss B": 0.9958243370056152, "Test/Cycle consistency loss A": 0.20903368294239044, "Test/Cycle consistency loss B": 0.10220322757959366, "Test/Supervised loss A": 0, "Test/Supervised loss B": 0, "Test/Epoch": 200, "_wandb": {"runtime": 129025}}