{"Train/Discriminator A loss": 0.4985208213329315, "Train/Discriminator B loss": 0.1732443869113922, "Train/Total Discriminator loss": 0.33588260412216187, "Train/Total Generator loss": 2.493533134460449, "Train/Adversarial loss A": 0.0014809822896495461, "Train/Adversarial loss B": 0.4378603994846344, "Train/Cycle consistency loss A": 1.2410023212432861, "Train/Cycle consistency loss B": 0.8131894469261169, "Train/Supervised loss A": 0, "Train/Supervised loss B": 0, "_timestamp": 1686335601.5864024, "_runtime": 2859.4553883075714, "_step": 330, "Test/Generator loss": 1.8734387159347534, "Test/Discriminator loss": 0.4938517212867737, "Test/L1 loss between real signal A and fake signals A": 1.060764193534851, "Test/L1 loss between real signal B and fake signals B": 0.8824470043182373, "Test/Discriminator A loss": 0.4992389678955078, "Test/Discriminator B loss": 0.48846447467803955, "Test/Adversarial or GAN loss A": 0.000761557137593627, "Test/Adversarial or GAN loss B": 0.012241058051586151, "Test/Cycle consistency loss A": 1.0289342403411865, "Test/Cycle consistency loss B": 0.831501841545105, "Test/Supervised loss A": 0, "Test/Supervised loss B": 0, "Test/Epoch": 300, "_wandb": {"runtime": 2795}}