{"Train/Discriminator A loss": 0.5, "Train/Discriminator B loss": 0.00016336569387931377, "Train/Total Discriminator loss": 0.2500816881656647, "Train/Total Generator loss": 2.5320253372192383, "Train/Adversarial loss A": 0.0, "Train/Adversarial loss B": 0.964526355266571, "Train/Cycle consistency loss A": 0.7427933216094971, "Train/Cycle consistency loss B": 0.8247057199478149, "Train/Supervised loss A": 0, "Train/Supervised loss B": 0, "Learning rate": 0.01, "_timestamp": 1687422319.724305, "_runtime": 417.831750869751, "_step": 3, "Test/Generator loss": 2.261483907699585, "Test/Discriminator loss": 0.2501141428947449, "Test/L1 loss between real signal A and fake signals A": 0.7321032285690308, "Test/L1 loss between real signal B and fake signals B": 0.5716607570648193, "Test/Discriminator A loss": 0.5, "Test/Discriminator B loss": 0.00022829248337075114, "Test/Adversarial or GAN loss A": 0.0, "Test/Adversarial or GAN loss B": 0.957720935344696, "Test/Cycle consistency loss A": 0.732103168964386, "Test/Cycle consistency loss B": 0.5716598033905029, "Test/Supervised loss A": 0, "Test/Supervised loss B": 0, "Test/Epoch": 2, "_wandb": {"runtime": 687}}