{"Train/Discriminator A loss": 0.22149789333343506, "Train/Discriminator B loss": 0.21177205443382263, "Train/Total Discriminator loss": 0.21663497388362885, "Train/Total Generator loss": 0.8865223526954651, "Train/Adversarial loss A": 0.23839743435382843, "Train/Adversarial loss B": 0.2535764276981354, "Train/Cycle consistency loss A": 0.07436805963516235, "Train/Cycle consistency loss B": 0.32018041610717773, "Train/Supervised loss A": 0, "Train/Supervised loss B": 0, "Learning rate": 0.001, "_timestamp": 1687527033.5574274, "_runtime": 544.1622004508972, "_step": 1}