{"Train/Discriminator A loss": 4.7136557178485974e-24, "Train/Discriminator B loss": 9.914309657688136e-07, "Train/Total Discriminator loss": 9.914309657688136e-07, "Train/Total Generator loss": 2.075488805770874, "Train/Adversarial loss A": 1.0, "Train/Adversarial loss B": 0.9948626160621643, "Train/Cycle consistency loss A": 0.04373869299888611, "Train/Cycle consistency loss B": 0.03688757121562958, "Train/Supervised loss A": 0, "Train/Supervised loss B": 0, "Learning rate": 0.0, "_timestamp": 1688585266.7429843, "_runtime": 18221.902124404907, "_step": 239, "Test/Generator loss": 2.094403028488159, "Test/Discriminator loss": 2.893376176871243e-06, "Test/L1 loss between real signal A and fake signals A": 5.5720601081848145, "Test/L1 loss between real signal B and fake signals B": 1.600973129272461, "Test/Discriminator A loss": 1.5260599902393556e-38, "Test/Discriminator B loss": 2.893376176871243e-06, "Test/Adversarial or GAN loss A": 1.0, "Test/Adversarial or GAN loss B": 0.9930762052536011, "Test/Cycle consistency loss A": 0.030355801805853844, "Test/Cycle consistency loss B": 0.07097093015909195, "Test/Supervised loss A": 0, "Test/Supervised loss B": 0, "Test/Epoch": 200, "_wandb": {"runtime": 18224}}