{"Train/Discriminator A loss": 0.2500000298023224, "Train/Discriminator B loss": 0.25001129508018494, "Train/Total Discriminator loss": 0.25000566244125366, "Train/Total Generator loss": 2.4608774185180664, "Train/Adversarial loss A": 0.25015494227409363, "Train/Adversarial loss B": 0.2532499432563782, "Train/Cycle consistency loss A": 0.849602222442627, "Train/Cycle consistency loss B": 1.10787034034729, "Train/Supervised loss A": 0, "Train/Supervised loss B": 0, "Learning rate": 0.1, "_timestamp": 1686937191.7124434, "_runtime": 655.5015063285828, "_step": 0, "_wandb": {"runtime": 679}}