{"Train/Discriminator A loss": 0.0655042752623558, "Train/Discriminator B loss": 0.003768219379708171, "Train/Total Discriminator loss": 0.0346362479031086, "Train/Total Generator loss": 1.9456324577331543, "Train/Adversarial loss A": 0.9983997344970703, "Train/Adversarial loss B": 0.8864732384681702, "Train/Cycle consistency loss A": 0.015245318412780762, "Train/Cycle consistency loss B": 0.04551417753100395, "Train/Supervised loss A": 0, "Train/Supervised loss B": 0, "Learning rate": 0.001, "_timestamp": 1687517305.516865, "_runtime": 4853.542829036713, "_step": 15, "Test/Generator loss": 2.046229600906372, "Test/Discriminator loss": 5.611289452644996e-06, "Test/L1 loss between real signal A and fake signals A": 0.8077185153961182, "Test/L1 loss between real signal B and fake signals B": 5.3139495849609375, "Test/Discriminator A loss": 1.0645280781318434e-05, "Test/Discriminator B loss": 5.772985218754911e-07, "Test/Adversarial or GAN loss A": 0.9915511608123779, "Test/Adversarial or GAN loss B": 0.9983916282653809, "Test/Cycle consistency loss A": 0.017238102853298187, "Test/Cycle consistency loss B": 0.039048612117767334, "Test/Supervised loss A": 0, "Test/Supervised loss B": 0, "Test/Epoch": 10, "_wandb": {"runtime": 4834}}