{"Train/Discriminator source loss": 0.25055456161499023, "Train/Discriminator target loss": 0.25070643424987793, "Train/Total Discriminator loss": 0.2506304979324341, "Train/Total Generator loss": 0.7137454152107239, "Train/Adversarial loss source": 0.2511090934276581, "Train/Adversarial loss target": 0.25141283869743347, "Train/Cycle consistency loss source": 0.1255924105644226, "Train/Cycle consistency loss target": 0.08563107252120972, "Train/Supervised loss source": 0, "Train/Supervised loss target": 0, "Learning rate": 1e-05, "_timestamp": 1687792161.3872216, "_runtime": 1630.1448194980621, "_step": 5, "Test/Generator loss": 0.6776307225227356, "Test/Discriminator loss": 0.2500034272670746, "Test/L1 loss between real signal A and fake signals A": 0.8191012144088745, "Test/L1 loss between real signal B and fake signals B": 1.1080373525619507, "Test/Discriminator A loss": 0.2500080466270447, "Test/Discriminator B loss": 0.2499988079071045, "Test/Adversarial or GAN loss A": 0.25099340081214905, "Test/Adversarial or GAN loss B": 0.25131332874298096, "Test/Cycle consistency loss A": 0.047765590250492096, "Test/Cycle consistency loss B": 0.12755843997001648, "Test/Supervised loss A": 0, "Test/Supervised loss B": 0, "Test/Epoch": 5}