{"Train/Discriminator A loss": 0.24841207265853882, "Train/Discriminator B loss": NaN, "Train/Total Discriminator loss": NaN, "Train/Total Generator loss": NaN, "Train/Adversarial loss A": 0.2477397620677948, "Train/Adversarial loss B": NaN, "Train/Cycle consistency loss A": NaN, "Train/Cycle consistency loss B": 0.897529125213623, "_timestamp": 1686157054.4805267, "_runtime": 574.5164577960968, "_step": 47, "Test/Generator loss": 213.95101928710938, "Test/Discriminator loss": 1.0065025091171265, "Test/L1 loss between real signal A and fake signals A": 0.9043200612068176, "Test/L1 loss between real signal B and fake signals B": 7.254434108734131, "Test/L1_realA_fakeB": 7.703779697418213, "Test/L1_realB_fakeA": 0.9590020775794983, "Test/Discriminator A loss": 0.5016181468963623, "Test/Discriminator B loss": 0.5048843622207642, "Test/Total Discriminator loss": 1.0065025091171265, "Test/Adversarial loss A": 0.24782836437225342, "Test/Adversarial loss B": 0.2504268288612366, "Test/Cycle consistency loss A": 0.9043526649475098, "Test/Cycle consistency loss B": 0.9438866376876831, "Test/Total Generator loss": 213.95101928710938, "Test/Epoch": 20}