{"Train/Discriminator source loss": 0.5, "Train/Discriminator target loss": 0.0004801054601557553, "Train/Total Discriminator loss": 0.2502400577068329, "Train/Total Generator loss": 1.0167216062545776, "Train/Adversarial loss source": 0.0, "Train/Adversarial loss target": 0.940266489982605, "Train/Cycle consistency loss source": 0.04800724983215332, "Train/Cycle consistency loss target": 0.028447920456528664, "Train/Supervised loss source": 0, "Train/Supervised loss target": 0, "Learning rate": 1e-06, "_timestamp": 1687883165.0586839, "_runtime": 4517.385410785675, "_step": 27, "Test/Generator loss": 1.0198160409927368, "Test/Discriminator loss": 0.25013068318367004, "Test/Discriminator A loss": 0.5, "Test/Discriminator B loss": 0.0002613564138300717, "Test/Adversarial or GAN loss A": 0.0, "Test/Adversarial or GAN loss B": 0.9549261331558228, "Test/Cycle consistency loss A": 0.04363717883825302, "Test/Cycle consistency loss B": 0.021252764388918877, "Test/Supervised loss A": 0, "Test/Supervised loss B": 0, "Test/Epoch": 14, "_wandb": {"runtime": 4779}}