{"Train/Discriminator A loss": 0.0637662261724472, "Train/Discriminator B loss": 0.026739172637462616, "Train/Total Discriminator loss": 0.04525269940495491, "Train/Total Generator loss": 5.731322765350342, "Train/Adversarial loss A": 0.7813708186149597, "Train/Adversarial loss B": 0.8957207202911377, "Train/Cycle consistency loss A": 0.11151164770126343, "Train/Cycle consistency loss B": 0.029591690748929977, "Train/Supervised loss A": 1.6693980693817139, "Train/Supervised loss B": 2.243729829788208, "_timestamp": 1686469492.403939, "_runtime": 1140.2298419475555, "_step": 101, "Test/Generator loss": 5.374208450317383, "Test/Discriminator loss": 0.06443418562412262, "Test/L1 loss between real signal A and fake signals A": 1.5125247240066528, "Test/L1 loss between real signal B and fake signals B": 2.001502513885498, "Test/Discriminator A loss": 0.07725068181753159, "Test/Discriminator B loss": 0.051617689430713654, "Test/Adversarial or GAN loss A": 0.7780972123146057, "Test/Adversarial or GAN loss B": 0.8577941060066223, "Test/Cycle consistency loss A": 0.19998840987682343, "Test/Cycle consistency loss B": 0.024301623925566673, "Test/Supervised loss A": 1.5125247240066528, "Test/Supervised loss B": 2.001502513885498, "Test/Epoch": 100, "_wandb": {"runtime": 1141}}