{"Train/Discriminator source loss": 1.676535887895625e-08, "Train/Discriminator target loss": 0.5, "Train/Total Discriminator loss": 0.25, "Train/Total Generator loss": 1.0791350603103638, "Train/Adversarial loss source": 0.9996341466903687, "Train/Adversarial loss target": 0.0, "Train/Cycle consistency loss source": 0.01765505224466324, "Train/Cycle consistency loss target": 0.06184588000178337, "Train/Supervised loss source": 0, "Train/Supervised loss target": 0, "Learning rate": 0.001, "_timestamp": 1687431766.4217806, "_runtime": 6442.316727638245, "_step": 19, "Test/Generator loss": 1.0929975509643555, "Test/Discriminator loss": 0.2500019967556, "Test/L1 loss between real signal A and fake signals A": 4.132025241851807, "Test/L1 loss between real signal B and fake signals B": 30.752864837646484, "Test/Discriminator A loss": 4.001698471256532e-06, "Test/Discriminator B loss": 0.5, "Test/Adversarial or GAN loss A": 0.9943611025810242, "Test/Adversarial or GAN loss B": 0.0, "Test/Cycle consistency loss A": 0.021604930981993675, "Test/Cycle consistency loss B": 0.07703147828578949, "Test/Supervised loss A": 0, "Test/Supervised loss B": 0, "Test/Epoch": 15, "_wandb": {"runtime": 6760}}