{"Train/Discriminator A loss": 8.842449261692309e-08, "Train/Discriminator B loss": 1.9137138461791555e-16, "Train/Total Discriminator loss": 8.842449261692309e-08, "Train/Total Generator loss": 2.0892105102539062, "Train/Adversarial loss A": 0.997337818145752, "Train/Adversarial loss B": 1.0, "Train/Cycle consistency loss A": 0.021062251180410385, "Train/Cycle consistency loss B": 0.07081043720245361, "Train/Supervised loss A": 0, "Train/Supervised loss B": 0, "Learning rate": 0.0, "_timestamp": 1688534255.2930553, "_runtime": 18151.23855638504, "_step": 239, "Test/Generator loss": 2.0947818756103516, "Test/Discriminator loss": 1.1543221489773714e-07, "Test/L1 loss between real signal A and fake signals A": 0.8658767938613892, "Test/L1 loss between real signal B and fake signals B": 6.588973045349121, "Test/Discriminator A loss": 1.1543221489773714e-07, "Test/Discriminator B loss": 2.6761998071675356e-41, "Test/Adversarial or GAN loss A": 0.9965329170227051, "Test/Adversarial or GAN loss B": 1.0, "Test/Cycle consistency loss A": 0.02386423572897911, "Test/Cycle consistency loss B": 0.07438462972640991, "Test/Supervised loss A": 0, "Test/Supervised loss B": 0, "Test/Epoch": 200, "_wandb": {"runtime": 18164}}