{"Train/Discriminator source loss": 0.2053525745868683, "Train/Discriminator target loss": 0.18685667216777802, "Train/Total Discriminator loss": 0.19610461592674255, "Train/Total Generator loss": 1.262435793876648, "Train/Adversarial loss source": 0.25, "Train/Adversarial loss target": 0.25435349345207214, "Train/Cycle consistency loss source": 0.10847034305334091, "Train/Cycle consistency loss target": 0.6496119499206543, "Train/Supervised loss source": 0, "Train/Supervised loss target": 0, "Learning rate": 0.001, "_timestamp": 1687532305.2047398, "_runtime": 2359.6978619098663, "_step": 5, "Test/Generator loss": 1.136777639389038, "Test/Discriminator loss": 0.26827186346054077, "Test/L1 loss between real signal A and fake signals A": 0.9935877323150635, "Test/L1 loss between real signal B and fake signals B": 1.3875035047531128, "Test/Discriminator A loss": 0.25002431869506836, "Test/Discriminator B loss": 0.2865194082260132, "Test/Adversarial or GAN loss A": 0.2511540949344635, "Test/Adversarial or GAN loss B": 0.2632245421409607, "Test/Cycle consistency loss A": 0.16255927085876465, "Test/Cycle consistency loss B": 0.4598396420478821, "Test/Supervised loss A": 0, "Test/Supervised loss B": 0, "Test/Epoch": 5, "_wandb": {"runtime": 2377}}