{"Train/Discriminator A loss": 0.2322917878627777, "Train/Discriminator B loss": 0.24501892924308777, "Train/Total Discriminator loss": 0.23865535855293274, "Train/Total Generator loss": 1.8250505924224854, "Train/Adversarial loss A": 0.25, "Train/Adversarial loss B": 0.25320932269096375, "Train/Cycle consistency loss A": 0.5999731421470642, "Train/Cycle consistency loss B": 0.7218681573867798, "Train/Supervised loss A": 0, "Train/Supervised loss B": 0, "Learning rate": 0.01, "_timestamp": 1686654328.6678336, "_runtime": 1373.5704724788666, "_step": 0}