{"Train/Discriminator A loss": 2.4627817651889927e-07, "Train/Discriminator B loss": 9.648796206462862e-10, "Train/Total Discriminator loss": 2.4724306513235206e-07, "Train/Total Generator loss": 2.1090331077575684, "Train/Adversarial loss A": 0.9977189898490906, "Train/Adversarial loss B": 0.9998564720153809, "Train/Cycle consistency loss A": 0.03713568300008774, "Train/Cycle consistency loss B": 0.0743219330906868, "Train/Supervised loss A": 0, "Train/Supervised loss B": 0, "Learning rate": 0.0, "_timestamp": 1689313510.294954, "_runtime": 22182.715880155563, "_step": 239, "Test/Generator loss": 2.070608615875244, "Test/Discriminator loss": 1.1921483178412018e-07, "Test/L1 loss between real signal A and fake signals A": 0.9807255268096924, "Test/L1 loss between real signal B and fake signals B": 1.513345718383789, "Test/Discriminator A loss": 1.1380376463421271e-07, "Test/Discriminator B loss": 5.411061376747739e-09, "Test/Adversarial or GAN loss A": 0.9985831379890442, "Test/Adversarial or GAN loss B": 0.9997034668922424, "Test/Cycle consistency loss A": 0.024632258340716362, "Test/Cycle consistency loss B": 0.04768982529640198, "Test/Supervised loss A": 0, "Test/Supervised loss B": 0, "Test/Epoch": 200, "_wandb": {"runtime": 31326}}