{"Train/Discriminator A loss": 0.018263403326272964, "Train/Discriminator B loss": 0.15216152369976044, "Train/Total Discriminator loss": 0.08521246165037155, "Train/Total Generator loss": 1.4040101766586304, "Train/Adversarial loss A": 0.9998444318771362, "Train/Adversarial loss B": 0.38390052318573, "Train/Cycle consistency loss A": 0.006308403797447681, "Train/Cycle consistency loss B": 0.013956848531961441, "Train/Supervised loss A": 0, "Train/Supervised loss B": 0, "Learning rate": 1.0000000000000002e-06, "_timestamp": 1687271117.5420318, "_runtime": 2094.969319820404, "_step": 39, "Test/Generator loss": 1.4121983051300049, "Test/Discriminator loss": 0.08448676764965057, "Test/L1 loss between real signal A and fake signals A": 1.1506402492523193, "Test/L1 loss between real signal B and fake signals B": 1.1955618858337402, "Test/Discriminator A loss": 1.9785033146035857e-05, "Test/Discriminator B loss": 0.16895374655723572, "Test/Adversarial or GAN loss A": 0.9998752474784851, "Test/Adversarial or GAN loss B": 0.3965698182582855, "Test/Cycle consistency loss A": 0.005950802471488714, "Test/Cycle consistency loss B": 0.00980245042592287, "Test/Supervised loss A": 0, "Test/Supervised loss B": 0, "Test/Epoch": 20}