{"Train/Discriminator A loss": 0.5, "Train/Discriminator B loss": 1.593079304029743e-07, "Train/Total Discriminator loss": 0.25000008940696716, "Train/Total Generator loss": 1.7710309028625488, "Train/Adversarial loss A": 0.0, "Train/Adversarial loss B": 0.9999992251396179, "Train/Cycle consistency loss A": 0.5132415294647217, "Train/Cycle consistency loss B": 0.257790207862854, "Train/Supervised loss A": 0, "Train/Supervised loss B": 0, "Learning rate": 0.001, "_timestamp": 1687261566.9777372, "_runtime": 667.0694751739502, "_step": 10, "Test/Generator loss": 2.3475072383880615, "Test/Discriminator loss": 0.25000038743019104, "Test/L1 loss between real signal A and fake signals A": 20.47153091430664, "Test/L1 loss between real signal B and fake signals B": 23.02181053161621, "Test/Discriminator A loss": 0.5, "Test/Discriminator B loss": 8.016792776288639e-07, "Test/Adversarial or GAN loss A": 0.0, "Test/Adversarial or GAN loss B": 0.9974756836891174, "Test/Cycle consistency loss A": 0.8047193288803101, "Test/Cycle consistency loss B": 0.5453122854232788, "Test/Supervised loss A": 0, "Test/Supervised loss B": 0, "Test/Epoch": 5}