{"Train/Discriminator A loss": 1.1359131368686854e-16, "Train/Discriminator B loss": 4.133369265347381e-13, "Train/Total Discriminator loss": 4.1345052381736025e-13, "Train/Total Generator loss": 2.117748260498047, "Train/Adversarial loss A": 1.0, "Train/Adversarial loss B": 0.9999988079071045, "Train/Cycle consistency loss A": 0.03848007321357727, "Train/Cycle consistency loss B": 0.07926936447620392, "Train/Supervised loss A": 0, "Train/Supervised loss B": 0, "Learning rate": 0.0002, "_timestamp": 1689258220.6457171, "_runtime": 8058.08518409729, "_step": 80, "Test/Generator loss": 2.0630767345428467, "Test/Discriminator loss": 0.0006105949287302792, "Test/L1 loss between real signal A and fake signals A": 0.8346549272537231, "Test/L1 loss between real signal B and fake signals B": 1.3252590894699097, "Test/Discriminator A loss": 0.00035668310010805726, "Test/Discriminator B loss": 0.00025391182862222195, "Test/Adversarial or GAN loss A": 0.9756500720977783, "Test/Adversarial or GAN loss B": 0.9718170762062073, "Test/Cycle consistency loss A": 0.050154369324445724, "Test/Cycle consistency loss B": 0.06545528769493103, "Test/Supervised loss A": 0, "Test/Supervised loss B": 0, "Test/Epoch": 45}