{"Train/Discriminator A loss": 0.07022830098867416, "Train/Discriminator B loss": 0.02073577791452408, "Train/Total Discriminator loss": 0.04548203945159912, "Train/Total Generator loss": 9.344283103942871, "Train/Adversarial loss A": 0.7750652432441711, "Train/Adversarial loss B": 0.8966183066368103, "Train/Cycle consistency loss A": 0.15159353613853455, "Train/Cycle consistency loss B": 0.04557952284812927, "Train/Supervised loss A": 0, "Train/Supervised loss B": 0, "Learning rate": 0.01, "_timestamp": 1686568873.0393524, "_runtime": 560.7029893398285, "_step": 42, "Test/Generator loss": 4.555992603302002, "Test/Discriminator loss": 0.25237971544265747, "Test/L1 loss between real signal A and fake signals A": 1.3518999814987183, "Test/L1 loss between real signal B and fake signals B": 1.0959430932998657, "Test/Discriminator A loss": 0.2500027120113373, "Test/Discriminator B loss": 0.25475671887397766, "Test/Adversarial or GAN loss A": 0.248199462890625, "Test/Adversarial or GAN loss B": 0.18536041676998138, "Test/Cycle consistency loss A": 0.30552759766578674, "Test/Cycle consistency loss B": 0.17211104929447174, "Test/Supervised loss A": 0, "Test/Supervised loss B": 0, "Test/Epoch": 25, "_wandb": {"runtime": 588}}