{"Train/Discriminator A loss": 1.224703169100394e-06, "Train/Discriminator B loss": 3.745243670749687e-09, "Train/Total Discriminator loss": 1.228448468282295e-06, "Train/Total Generator loss": 2.114720582962036, "Train/Adversarial loss A": 0.994916558265686, "Train/Adversarial loss B": 0.9995533227920532, "Train/Cycle consistency loss A": 0.034072697162628174, "Train/Cycle consistency loss B": 0.0861780196428299, "Train/Supervised loss A": 0, "Train/Supervised loss B": 0, "Learning rate": 0.0, "_timestamp": 1688732084.6327333, "_runtime": 21887.142001390457, "_step": 239, "Test/Generator loss": 2.1436996459960938, "Test/Discriminator loss": 0.0001115774066420272, "Test/L1 loss between real signal A and fake signals A": 0.7193161249160767, "Test/L1 loss between real signal B and fake signals B": 1.563110113143921, "Test/Discriminator A loss": 9.802751037568669e-07, "Test/Discriminator B loss": 0.0001105971314245835, "Test/Adversarial or GAN loss A": 0.9960454702377319, "Test/Adversarial or GAN loss B": 0.9554224014282227, "Test/Cycle consistency loss A": 0.022650903090834618, "Test/Cycle consistency loss B": 0.16958090662956238, "Test/Supervised loss A": 0, "Test/Supervised loss B": 0, "Test/Epoch": 200, "_wandb": {"runtime": 24364}}