{"Train/Discriminator A loss": 0.32676756381988525, "Train/Discriminator B loss": 0.21808654069900513, "Train/Total Discriminator loss": 0.2724270522594452, "Train/Total Generator loss": 1.7096298933029175, "Train/Adversarial loss A": 0.13038979470729828, "Train/Adversarial loss B": 0.522350549697876, "Train/Cycle consistency loss A": 0.895312488079071, "Train/Cycle consistency loss B": 0.161577045917511, "Train/Supervised loss A": 0, "Train/Supervised loss B": 0, "Learning rate": 1e-05, "_timestamp": 1686768076.9084878, "_runtime": 18294.15350484848, "_step": 37, "Test/Generator loss": 1.7369184494018555, "Test/Discriminator loss": 0.2021719068288803, "Test/L1 loss between real signal A and fake signals A": 0.6148172616958618, "Test/L1 loss between real signal B and fake signals B": 0.6722804307937622, "Test/Discriminator A loss": 0.2981504201889038, "Test/Discriminator B loss": 0.10619339346885681, "Test/Adversarial or GAN loss A": 0.5265955924987793, "Test/Adversarial or GAN loss B": 0.5818428993225098, "Test/Cycle consistency loss A": 0.1793474406003952, "Test/Cycle consistency loss B": 0.4491325616836548, "Test/Supervised loss A": 0, "Test/Supervised loss B": 0, "Test/Epoch": 19}