{"Train/Discriminator A loss": 0.2488209307193756, "Train/Discriminator B loss": 0.24469627439975739, "Train/Total Discriminator loss": 0.2467586100101471, "Train/Total Generator loss": 0.7028656005859375, "Train/Adversarial loss A": 0.2447008341550827, "Train/Adversarial loss B": 0.2448185682296753, "Train/Cycle consistency loss A": 0.08681349456310272, "Train/Cycle consistency loss B": 0.1265326738357544, "Train/Supervised loss A": 0, "Train/Supervised loss B": 0, "Learning rate": 0.01, "_timestamp": 1687197608.504529, "_runtime": 130.68069005012512, "_step": 1, "Test/Generator loss": 0.8109772801399231, "Test/Discriminator loss": 0.24729344248771667, "Test/L1 loss between real signal A and fake signals A": 1.4821605682373047, "Test/L1 loss between real signal B and fake signals B": 1.6658804416656494, "Test/Discriminator A loss": 0.2501400113105774, "Test/Discriminator B loss": 0.24444687366485596, "Test/Adversarial or GAN loss A": 0.2509147524833679, "Test/Adversarial or GAN loss B": 0.2636662721633911, "Test/Cycle consistency loss A": 0.08935016393661499, "Test/Cycle consistency loss B": 0.20704609155654907, "Test/Supervised loss A": 0, "Test/Supervised loss B": 0, "Test/Epoch": 1, "_wandb": {"runtime": 225}}