{"Train/Discriminator A loss": 0.22348028421401978, "Train/Discriminator B loss": 0.2356833815574646, "Train/Total Discriminator loss": 0.2295818328857422, "Train/Total Generator loss": 0.8498612642288208, "Train/Adversarial loss A": 0.25271427631378174, "Train/Adversarial loss B": 0.25391027331352234, "Train/Cycle consistency loss A": 0.16300538182258606, "Train/Cycle consistency loss B": 0.18023133277893066, "Train/Supervised loss A": 0, "Train/Supervised loss B": 0, "Learning rate": 0.001, "_timestamp": 1688033333.1213896, "_runtime": 568.9472146034241, "_step": 5, "Test/Generator loss": 0.975152313709259, "Test/Discriminator loss": 0.2507482171058655, "Test/L1 loss between real signal A and fake signals A": 1.6639103889465332, "Test/L1 loss between real signal B and fake signals B": 1.6417180299758911, "Test/Discriminator A loss": 0.2513282895088196, "Test/Discriminator B loss": 0.2501681447029114, "Test/Adversarial or GAN loss A": 0.25154513120651245, "Test/Adversarial or GAN loss B": 0.25389018654823303, "Test/Cycle consistency loss A": 0.15941114723682404, "Test/Cycle consistency loss B": 0.3103058338165283, "Test/Supervised loss A": 0, "Test/Supervised loss B": 0, "Test/Epoch": 5}