{"Train/Discriminator A loss": 1.6979183589645957e-19, "Train/Discriminator B loss": 2.0686758274123346e-27, "Train/Total Discriminator loss": 1.6979183589645957e-19, "Train/Total Generator loss": 2.1127357482910156, "Train/Adversarial loss A": 1.0, "Train/Adversarial loss B": 1.0, "Train/Cycle consistency loss A": 0.059325169771909714, "Train/Cycle consistency loss B": 0.05341045930981636, "Train/Supervised loss A": 0, "Train/Supervised loss B": 0, "Learning rate": 0.0, "_timestamp": 1691036553.9461148, "_runtime": 13937.243132829666, "_step": 207, "Test/Generator loss": 2.1015515327453613, "Test/Discriminator loss": 2.9703064452490935e-09, "Test/L1 loss between real signal A and fake signals A": 1.5504870414733887, "Test/L1 loss between real signal B and fake signals B": 2.684065103530884, "Test/Discriminator A loss": 3.8033834358552397e-19, "Test/Discriminator B loss": 2.9703064452490935e-09, "Test/Adversarial or GAN loss A": 1.0, "Test/Adversarial or GAN loss B": 0.9996717572212219, "Test/Cycle consistency loss A": 0.039741646498441696, "Test/Cycle consistency loss B": 0.06213819608092308, "Test/Supervised loss A": 0, "Test/Supervised loss B": 0, "Test/Epoch": 200}