{"Train/Discriminator A loss": 0.2442415952682495, "Train/Discriminator B loss": 0.20611411333084106, "Train/Total Discriminator loss": 0.2251778542995453, "Train/Total Generator loss": 1.806272029876709, "Train/Adversarial loss A": 0.2370058298110962, "Train/Adversarial loss B": 0.25521427392959595, "Train/Cycle consistency loss A": 0.1585533618927002, "Train/Cycle consistency loss B": 1.1554985046386719, "Train/Supervised loss A": 0, "Train/Supervised loss B": 0, "Learning rate": 0.01, "_timestamp": 1687444415.9596095, "_runtime": 579.1341054439545, "_step": 3}