{"Train/Discriminator A loss": 1.5578793747662377e-17, "Train/Discriminator B loss": 1.8175642246605637e-16, "Train/Total Discriminator loss": 1.9733521125063507e-16, "Train/Total Generator loss": 4.345991134643555, "Train/Adversarial loss A": 1.0, "Train/Adversarial loss B": 1.0, "Train/Cycle consistency loss A": 0.026810700073838234, "Train/Cycle consistency loss B": 0.2077884078025818, "Train/Supervised loss A": 0, "Train/Supervised loss B": 0, "Learning rate": 0.0, "_timestamp": 1688611179.4839206, "_runtime": 21288.147366523743, "_step": 239, "Test/Generator loss": 3.7802252769470215, "Test/Discriminator loss": 1.986765822212021e-19, "Test/L1 loss between real signal A and fake signals A": 2.3488528728485107, "Test/L1 loss between real signal B and fake signals B": 3.599996566772461, "Test/Discriminator A loss": 1.381071995204987e-19, "Test/Discriminator B loss": 6.056937623835486e-20, "Test/Adversarial or GAN loss A": 1.0, "Test/Adversarial or GAN loss B": 1.0, "Test/Cycle consistency loss A": 0.047814320772886276, "Test/Cycle consistency loss B": 0.13020819425582886, "Test/Supervised loss A": 0, "Test/Supervised loss B": 0, "Test/Epoch": 200, "_wandb": {"runtime": 35610}}