{"Train/Discriminator A loss": 0.1833224594593048, "Train/Discriminator B loss": 0.1755816787481308, "Train/Total Discriminator loss": 0.1794520616531372, "Train/Total Generator loss": 2.5937488079071045, "Train/Adversarial loss A": 0.2499396800994873, "Train/Adversarial loss B": 0.247799813747406, "Train/Cycle consistency loss A": 1.157092809677124, "Train/Cycle consistency loss B": 0.9389165043830872, "Train/Supervised loss A": 0, "Train/Supervised loss B": 0, "Learning rate": 0.1, "_timestamp": 1687163164.867186, "_runtime": 21.030712127685547, "_step": 1, "Test/Generator loss": 2.7328643798828125, "Test/Discriminator loss": 0.23411598801612854, "Test/L1 loss between real signal A and fake signals A": 1.3232303857803345, "Test/L1 loss between real signal B and fake signals B": 0.9149696826934814, "Test/Discriminator A loss": 0.27507203817367554, "Test/Discriminator B loss": 0.19315993785858154, "Test/Adversarial or GAN loss A": 0.22737833857536316, "Test/Adversarial or GAN loss B": 0.22974038124084473, "Test/Cycle consistency loss A": 1.372710943222046, "Test/Cycle consistency loss B": 0.9030347466468811, "Test/Supervised loss A": 0, "Test/Supervised loss B": 0, "Test/Epoch": 1, "_wandb": {"runtime": 32}}