{"Train/Discriminator source loss": 0.5, "Train/Discriminator target loss": 7.721258953097276e-06, "Train/Total Discriminator loss": 0.2500038743019104, "Train/Total Generator loss": 4.222027778625488, "Train/Adversarial loss source": 0.0, "Train/Adversarial loss target": 0.992155909538269, "Train/Cycle consistency loss source": 1.0206564664840698, "Train/Cycle consistency loss target": 1.2170593738555908, "Train/Supervised loss source": 0, "Train/Supervised loss target": 0, "Learning rate": 1e-05, "_timestamp": 1688117861.7823582, "_runtime": 3599.2143771648407, "_step": 19, "Test/Generator loss": 3.8397929668426514, "Test/Discriminator loss": 0.25002703070640564, "Test/Discriminator A loss": 0.5, "Test/Discriminator B loss": 5.40321743756067e-05, "Test/Adversarial or GAN loss A": 0.0, "Test/Adversarial or GAN loss B": 0.9793224930763245, "Test/Cycle consistency loss A": 1.2692193984985352, "Test/Cycle consistency loss B": 0.6119285821914673, "Test/Supervised loss A": 0, "Test/Supervised loss B": 0, "Test/Epoch": 10}