{"Train/Discriminator A loss": 0.0001454915473004803, "Train/Discriminator B loss": 1.840933123276045e-06, "Train/Total Discriminator loss": 7.366624049609527e-05, "Train/Total Generator loss": 2.0256614685058594, "Train/Adversarial loss A": 0.966627836227417, "Train/Adversarial loss B": 0.9960761666297913, "Train/Cycle consistency loss A": 0.02529625967144966, "Train/Cycle consistency loss B": 0.03766123950481415, "Train/Supervised loss A": 0, "Train/Supervised loss B": 0, "Learning rate": 0.01, "_timestamp": 1687420059.6588864, "_runtime": 375.94270849227905, "_step": 3, "Test/Generator loss": 2.0243356227874756, "Test/Discriminator loss": 8.852154860505834e-05, "Test/L1 loss between real signal A and fake signals A": 2.4710636138916016, "Test/L1 loss between real signal B and fake signals B": 4.923573017120361, "Test/Discriminator A loss": 0.00017648303764872253, "Test/Discriminator B loss": 5.600553549811593e-07, "Test/Adversarial or GAN loss A": 0.9628336429595947, "Test/Adversarial or GAN loss B": 0.9982540607452393, "Test/Cycle consistency loss A": 0.029456699267029762, "Test/Cycle consistency loss B": 0.033791251480579376, "Test/Supervised loss A": 0, "Test/Supervised loss B": 0, "Test/Epoch": 2, "_wandb": {"runtime": 547}}